"LICENSE","LICENSE_TYPE","LICENSE_NAME","DBA","LICENSE_STATUS","LICENSE_CITY","WEBSITE","CONTACT_NAME","CONTACT_TYPE","CONTACT_CITY","CONTACT_DESCRIPTION"
"DSP101","Dispensary","REMEDY COMPASSION CENTER, INC.","CURALEAF WELLS","Active","Wells","www.curaleaf.com","EDWARD KREMER","Officer","Auburn","Secretary, Treasurer And Director"
"DSP105","Dispensary","PRIMARY ORGANIC THERAPY, INC.","MAINE ORGANIC THERAPY; CURALEAF MAINE","Active","Ellsworth","www.curaleaf.com","EDWARD KREMER","Officer","Auburn","Secretary Treasurer And Director"
"DSP133","Dispensary","AMSBURY HOLDINGS MEDICAL 2, INC.","CURALEAF MEDICAL AUBURN","Active","Auburn","www.curaleaf.com","EDWARD KREMER","Officer","Auburn","Secretary, Treasurer And Director"
"DSP146","Dispensary","AMSBURY HOLDINGS MEDICAL 3, INC.","CURALEAF MEDICAL BANGOR","Active","Bangor","www.curaleaf.com","EDWARD KREMER","Officer","Auburn","Secretary, Treasurer And Director"
"DSP101","Dispensary","REMEDY COMPASSION CENTER, INC.","CURALEAF WELLS","Active","Wells","www.curaleaf.com","ROBERT JOSEPH SCIARRONE","Officer","Auburn","President And Director"
"DSP105","Dispensary","PRIMARY ORGANIC THERAPY, INC.","MAINE ORGANIC THERAPY; CURALEAF MAINE","Active","Ellsworth","www.curaleaf.com","ROBERT JOSEPH SCIARRONE","Officer","Auburn","President And Director"
"DSP133","Dispensary","AMSBURY HOLDINGS MEDICAL 2, INC.","CURALEAF MEDICAL AUBURN","Active","Auburn","www.curaleaf.com","ROBERT JOSEPH SCIARRONE","Officer","Auburn","President And Director"
"DSP146","Dispensary","AMSBURY HOLDINGS MEDICAL 3, INC.","CURALEAF MEDICAL BANGOR","Active","Bangor","www.curaleaf.com","ROBERT JOSEPH SCIARRONE","Officer","Auburn","President And Director"
"DSP101","Dispensary","REMEDY COMPASSION CENTER, INC.","CURALEAF WELLS","Active","Wells","www.curaleaf.com","CLF MAINE, INC.","Owner","","Business Owner"
"DSP105","Dispensary","PRIMARY ORGANIC THERAPY, INC.","MAINE ORGANIC THERAPY; CURALEAF MAINE","Active","Ellsworth","www.curaleaf.com","CLF MAINE, INC.","Owner","","Business Owner"
"DSP133","Dispensary","AMSBURY HOLDINGS MEDICAL 2, INC.","CURALEAF MEDICAL AUBURN","Active","Auburn","www.curaleaf.com","CLF MAINE, INC.","Owner","","Business Owner"
"DSP146","Dispensary","AMSBURY HOLDINGS MEDICAL 3, INC.","CURALEAF MEDICAL BANGOR","Active","Bangor","www.curaleaf.com","CLF MAINE, INC.","Owner","","Business Owner"
"DSP104","Dispensary","SAFE ALTERNATIVES","","Active","Caribou","www.safealternativesmaine.com","NICHOLAS J MASTERPOL III","Officer","Windham","Vp Of Operations/President"
"DSP158","Dispensary","UPSTATE  GARDENS LLC","","Active","Lewiston","","NICHOLAS J MASTERPOL III","Officer","Windham","Owner/Partner/Operator"
"DSP104","Dispensary","SAFE ALTERNATIVES","","Active","Caribou","www.safealternativesmaine.com","KAYLA L BOSSE","Officer","Caribou","Secretary/General Manager"
"DSP104","Dispensary","SAFE ALTERNATIVES","","Active","Caribou","www.safealternativesmaine.com","DEREK ROBERT BOSSE","Officer","Caribou","Retail Manager"
"DSP104","Dispensary","SAFE ALTERNATIVES","","Active","Caribou","www.safealternativesmaine.com","MICHAEL T RABBIA","Officer","Gray","Vp Of Sales/Vice President"
"DSP158","Dispensary","UPSTATE  GARDENS LLC","","Active","Lewiston","","MICHAEL T RABBIA","Officer","Gray","Owner/Partner/Operator"
"DSP101","Dispensary","REMEDY COMPASSION CENTER, INC.","CURALEAF WELLS","Active","Wells","www.curaleaf.com","EDWARD KREMER","Officer","Auburn","Secretary, Treasurer And Director"
"DSP105","Dispensary","PRIMARY ORGANIC THERAPY, INC.","MAINE ORGANIC THERAPY; CURALEAF MAINE","Active","Ellsworth","www.curaleaf.com","EDWARD KREMER","Officer","Auburn","Secretary Treasurer And Director"
"DSP133","Dispensary","AMSBURY HOLDINGS MEDICAL 2, INC.","CURALEAF MEDICAL AUBURN","Active","Auburn","www.curaleaf.com","EDWARD KREMER","Officer","Auburn","Secretary, Treasurer And Director"
"DSP146","Dispensary","AMSBURY HOLDINGS MEDICAL 3, INC.","CURALEAF MEDICAL BANGOR","Active","Bangor","www.curaleaf.com","EDWARD KREMER","Officer","Auburn","Secretary, Treasurer And Director"
"DSP101","Dispensary","REMEDY COMPASSION CENTER, INC.","CURALEAF WELLS","Active","Wells","www.curaleaf.com","ROBERT JOSEPH SCIARRONE","Officer","Auburn","President And Director"
"DSP105","Dispensary","PRIMARY ORGANIC THERAPY, INC.","MAINE ORGANIC THERAPY; CURALEAF MAINE","Active","Ellsworth","www.curaleaf.com","ROBERT JOSEPH SCIARRONE","Officer","Auburn","President And Director"
"DSP133","Dispensary","AMSBURY HOLDINGS MEDICAL 2, INC.","CURALEAF MEDICAL AUBURN","Active","Auburn","www.curaleaf.com","ROBERT JOSEPH SCIARRONE","Officer","Auburn","President And Director"
"DSP146","Dispensary","AMSBURY HOLDINGS MEDICAL 3, INC.","CURALEAF MEDICAL BANGOR","Active","Bangor","www.curaleaf.com","ROBERT JOSEPH SCIARRONE","Officer","Auburn","President And Director"
"DSP101","Dispensary","REMEDY COMPASSION CENTER, INC.","CURALEAF WELLS","Active","Wells","www.curaleaf.com","CLF MAINE, INC.","Owner","","Business Owner"
"DSP105","Dispensary","PRIMARY ORGANIC THERAPY, INC.","MAINE ORGANIC THERAPY; CURALEAF MAINE","Active","Ellsworth","www.curaleaf.com","CLF MAINE, INC.","Owner","","Business Owner"
"DSP133","Dispensary","AMSBURY HOLDINGS MEDICAL 2, INC.","CURALEAF MEDICAL AUBURN","Active","Auburn","www.curaleaf.com","CLF MAINE, INC.","Owner","","Business Owner"
"DSP146","Dispensary","AMSBURY HOLDINGS MEDICAL 3, INC.","CURALEAF MEDICAL BANGOR","Active","Bangor","www.curaleaf.com","CLF MAINE, INC.","Owner","","Business Owner"
"DSP109","Dispensary","RUGGED ROOTS, LLC","","Active","Lewiston","","SEAN M BOWIE","Officer","Auburn","Member/Manager"
"DSP161","Dispensary","RUGGED ROOTS SOUTH, LLC","","Active","Portland","www.ruggedrootsinc.com","SEAN M BOWIE","Officer","Auburn","Manager"
"DSP109","Dispensary","RUGGED ROOTS, LLC","","Active","Lewiston","","RYAN ROBERT RICHARDS","Officer","Auburn","Member/Manager"
"DSP161","Dispensary","RUGGED ROOTS SOUTH, LLC","","Active","Portland","www.ruggedrootsinc.com","RYAN ROBERT RICHARDS","Officer","Auburn","Manager"
"DSP109","Dispensary","RUGGED ROOTS, LLC","","Active","Lewiston","","SEAN BOWIE","Owner","","Individual Owner"
"DSP109","Dispensary","RUGGED ROOTS, LLC","","Active","Lewiston","","RYAN RICHARDS","Owner","","Individual Owner"
"DSP111","Dispensary","BLOSSOM, LLC","BLOSSOM CANNABIS","Active","Biddeford","www.blossommj.com","ELIZABETH A BALDACCI","Officer","Cumberland Foreside","Ceo"
"DSP147","Dispensary","BLOSSOM, LLC","BLOSSOM CANNABIS","Active","Saco","www.blossommj.com","ELIZABETH A BALDACCI","Officer","Cumberland Foreside","Ceo"
"DSP111","Dispensary","BLOSSOM, LLC","BLOSSOM CANNABIS","Active","Biddeford","www.blossommj.com","DAVID S CARR JR","Officer","Tallahassee","Coo"
"DSP147","Dispensary","BLOSSOM, LLC","BLOSSOM CANNABIS","Active","Saco","www.blossommj.com","DAVID S CARR JR","Officer","Tallahassee","Coo"
"DSP111","Dispensary","BLOSSOM, LLC","BLOSSOM CANNABIS","Active","Biddeford","www.blossommj.com","BLOSSOM HOLDINGS, INC.","Owner","","Business Owner"
"DSP147","Dispensary","BLOSSOM, LLC","BLOSSOM CANNABIS","Active","Saco","www.blossommj.com","BLOSSOM HOLDINGS, INC.","Owner","","Business Owner"
"DSP252","Dispensary","BLOSSOM, LLC","BLOSSOM CANNABIS","Pending","South Portland","","BLOSSOM HOLDINGS, INC.","Owner","","Business Owner"
"DSP113","Dispensary","CANNABIS CURED DISPENSARY LLC","","Active","Fairfield","https://cannabiscured.com/","MARK P CROCKETT","Officer","Fairfield","Member/Manager"
"DSP118","Dispensary","CANNABIS CURED DISPENSARY, LLC","","Active","Thomaston","","MARK P CROCKETT","Officer","Fairfield","Manager"
"DSP113","Dispensary","CANNABIS CURED DISPENSARY LLC","","Active","Fairfield","https://cannabiscured.com/","MARK CROCKETT","Owner","","Individual Owner"
"DSP118","Dispensary","CANNABIS CURED DISPENSARY, LLC","","Active","Thomaston","","MARK CROCKETT","Owner","","Individual Owner"
"DSP114","Dispensary","OPCO MED LLC","KIND FARMS RESERVE MED","Active","Berwick","https://kindfarmsreserve.com/home/","JELAL R JONES","Officer","York","President"
"DSP114","Dispensary","OPCO MED LLC","KIND FARMS RESERVE MED","Active","Berwick","https://kindfarmsreserve.com/home/","PAUL PETER VENUTI JR","Officer","South Berwick","Vice President"
"DSP114","Dispensary","OPCO MED LLC","KIND FARMS RESERVE MED","Active","Berwick","https://kindfarmsreserve.com/home/","JOHN HENRY RAMPINO","Officer","East Freetown","Member"
"DSP114","Dispensary","OPCO MED LLC","KIND FARMS RESERVE MED","Active","Berwick","https://kindfarmsreserve.com/home/","JELAL JONES","Owner","","Individual Owner"
"DSP114","Dispensary","OPCO MED LLC","KIND FARMS RESERVE MED","Active","Berwick","https://kindfarmsreserve.com/home/","PAUL VENUTI","Owner","","Individual Owner"
"DSP114","Dispensary","OPCO MED LLC","KIND FARMS RESERVE MED","Active","Berwick","https://kindfarmsreserve.com/home/","JOHN RAMPINO","Owner","","Individual Owner"
"DSP115","Dispensary","EARTH KEEPER, LLC","EARTH KEEPER CANNABIS","Active","Wilton","www.earthkeeperme.com","JOHN HERBERT BLACK","Officer","Wilton","President"
"DSP115","Dispensary","EARTH KEEPER, LLC","EARTH KEEPER CANNABIS","Active","Wilton","www.earthkeeperme.com","COREY LEIGH BLACK","Officer","Wilton","Clerk"
"DSP115","Dispensary","EARTH KEEPER, LLC","EARTH KEEPER CANNABIS","Active","Wilton","www.earthkeeperme.com","MARAH GRACE BLACK","Officer","Wilton","Secretary"
"DSP115","Dispensary","EARTH KEEPER, LLC","EARTH KEEPER CANNABIS","Active","Wilton","www.earthkeeperme.com","DAWSON JOHN BLACK","Officer","Wilton","Treasurer"
"DSP115","Dispensary","EARTH KEEPER, LLC","EARTH KEEPER CANNABIS","Active","Wilton","www.earthkeeperme.com","MARAH BLACK","Owner","","Individual Owner"
"DSP115","Dispensary","EARTH KEEPER, LLC","EARTH KEEPER CANNABIS","Active","Wilton","www.earthkeeperme.com","DAWSON BLACK","Owner","","Individual Owner"
"DSP115","Dispensary","EARTH KEEPER, LLC","EARTH KEEPER CANNABIS","Active","Wilton","www.earthkeeperme.com","JOHN BLACK","Owner","","Individual Owner"
"DSP115","Dispensary","EARTH KEEPER, LLC","EARTH KEEPER CANNABIS","Active","Wilton","www.earthkeeperme.com","COREY BLACK","Owner","","Individual Owner"
"DSP116","Dispensary","THE CHEESE HOUSE INC.","","Active","Fairfield","","BRAD N THOMAS","Officer","Windsor","President"
"DSP116","Dispensary","THE CHEESE HOUSE INC.","","Active","Fairfield","","BRAD THOMAS","Owner","","Individual Owner"
"DSP113","Dispensary","CANNABIS CURED DISPENSARY LLC","","Active","Fairfield","https://cannabiscured.com/","MARK P CROCKETT","Officer","Fairfield","Member/Manager"
"DSP118","Dispensary","CANNABIS CURED DISPENSARY, LLC","","Active","Thomaston","","MARK P CROCKETT","Officer","Fairfield","Manager"
"DSP113","Dispensary","CANNABIS CURED DISPENSARY LLC","","Active","Fairfield","https://cannabiscured.com/","MARK CROCKETT","Owner","","Individual Owner"
"DSP118","Dispensary","CANNABIS CURED DISPENSARY, LLC","","Active","Thomaston","","MARK CROCKETT","Owner","","Individual Owner"
"DSP119","Dispensary","YORK DISPENSARY LLC","TOPS FARM YORK","Active","York","https://topsfarm.com/","CYRUS FREDRICK CLARK","Officer","Kittery","Member/Manager"
"DSP119","Dispensary","YORK DISPENSARY LLC","TOPS FARM YORK","Active","York","https://topsfarm.com/","CYRUS CLARK","Owner","","Individual Owner"
"DSP121","Dispensary","NEW ENGLAND CANNABIS CONSULTING LLC","HOMEGROWN OF AUGUSTA","Active","Augusta","","SHANNA L SOUZA","Officer","Augusta","President"
"DSP121","Dispensary","NEW ENGLAND CANNABIS CONSULTING LLC","HOMEGROWN OF AUGUSTA","Active","Augusta","","DILLON LAMOTHE","Officer","Augusta","Member/Owner"
"DSP121","Dispensary","NEW ENGLAND CANNABIS CONSULTING LLC","HOMEGROWN OF AUGUSTA","Active","Augusta","","DILLON LAMOTHE","Owner","","Individual Owner"
"DSP121","Dispensary","NEW ENGLAND CANNABIS CONSULTING LLC","HOMEGROWN OF AUGUSTA","Active","Augusta","","SHANNA SOUZA","Owner","","Individual Owner"
"DSP121","Dispensary","NEW ENGLAND CANNABIS CONSULTING LLC","HOMEGROWN OF AUGUSTA","Active","Augusta","","DILLON LAMOTHE","Officer","Augusta","Member/Owner"
"DSP121","Dispensary","NEW ENGLAND CANNABIS CONSULTING LLC","HOMEGROWN OF AUGUSTA","Active","Augusta","","DILLON LAMOTHE","Owner","","Individual Owner"
"DSP123","Dispensary","NORTHEAST ALLIANCE, LLC","THE DISPENSARY","Active","South Portland","https://northeastalliance.me/","CAMERON JOHN WARREN MURPHY","Officer","South Portland","Ceo/Owner"
"DSP123","Dispensary","NORTHEAST ALLIANCE, LLC","THE DISPENSARY","Active","South Portland","https://northeastalliance.me/","CAMERON JOHN WARREN MURPHY","Owner","","Individual Owner"
"DSP123","Dispensary","NORTHEAST ALLIANCE, LLC","THE DISPENSARY","Active","South Portland","https://northeastalliance.me/","CAMERON JOHN WARREN MURPHY","Officer","South Portland","Ceo/Owner"
"DSP123","Dispensary","NORTHEAST ALLIANCE, LLC","THE DISPENSARY","Active","South Portland","https://northeastalliance.me/","CAMERON JOHN WARREN MURPHY","Owner","","Individual Owner"
"DSP126","Dispensary","HALLOWELL 4 TWENTY, LLC","","Active","Hallowell","","GERALD A LESSARD JR","Officer","Telford","Manager"
"DSP126","Dispensary","HALLOWELL 4 TWENTY, LLC","","Active","Hallowell","","LEAF LION INVESTMENTS, INC","Owner","","Business Owner"
"DSP127","Dispensary","ATLANTIC FARMS LLC","","Active","Portland","www.theatlanticfarms.com","JACKSON T MCLEOD","Officer","Portland",""
"DSP137","Dispensary","ATLANTIC FARMS LLC","ATLANTIC FARMS","Active","Somerville","www.theatlanticfarms.com","JACKSON T MCLEOD","Officer","Portland","Officer"
"DSP245","Dispensary","ATLANTIC FARMS LLC","","Active","Freeman Township","theatlanticfarms.com","JACKSON T MCLEOD","Officer","Portland","Manager"
"DSP127","Dispensary","ATLANTIC FARMS LLC","","Active","Portland","www.theatlanticfarms.com","IAN P LARSON","Officer","Kingfield","Principal"
"DSP137","Dispensary","ATLANTIC FARMS LLC","ATLANTIC FARMS","Active","Somerville","www.theatlanticfarms.com","IAN P LARSON","Officer","Kingfield","Officer"
"DSP245","Dispensary","ATLANTIC FARMS LLC","","Active","Freeman Township","theatlanticfarms.com","IAN P LARSON","Officer","Kingfield","Manager"
"DSP127","Dispensary","ATLANTIC FARMS LLC","","Active","Portland","www.theatlanticfarms.com","ATLANTIC FARMS MANAGEMENT INC","Owner","","Business Owner"
"DSP128","Dispensary","ORIGINS CANNABIS COMPANY LLC","","Active","Augusta","www.originsmaine.com","DAVID A VICKERS","Officer","Hallowell","Owner"
"DSP128","Dispensary","ORIGINS CANNABIS COMPANY LLC","","Active","Augusta","www.originsmaine.com","DAVID VICKERS","Owner","","Individual Owner"
"DSP129","Dispensary","BLACK TIE CANNABIS LLC","","Active","Greene","","NICHOLAS J BRIGHAM","Officer","Lewiston","Coo"
"DSP140","Dispensary","BLACK TIE CANNABIS LLC","","Active","Lewiston","https://blacktiecannabisme.com","NICHOLAS J BRIGHAM","Officer","Lewiston","Coo"
"DSP129","Dispensary","BLACK TIE CANNABIS LLC","","Active","Greene","","MATTHEW RUSSELL BARLION","Officer","Auburn","Cfo"
"DSP140","Dispensary","BLACK TIE CANNABIS LLC","","Active","Lewiston","https://blacktiecannabisme.com","MATTHEW RUSSELL BARLION","Officer","Auburn",""
"DSP129","Dispensary","BLACK TIE CANNABIS LLC","","Active","Greene","","JAMES EDWARD BRIGHAM","Officer","Auburn","Chair"
"DSP140","Dispensary","BLACK TIE CANNABIS LLC","","Active","Lewiston","https://blacktiecannabisme.com","JAMES EDWARD BRIGHAM","Officer","Auburn","Chair"
"DSP129","Dispensary","BLACK TIE CANNABIS LLC","","Active","Greene","","MATTHEW BARLOIN","Owner","","Individual Owner"
"DSP129","Dispensary","BLACK TIE CANNABIS LLC","","Active","Greene","","JAMES BRIGHAM","Owner","","Individual Owner"
"DSP140","Dispensary","BLACK TIE CANNABIS LLC","","Active","Lewiston","https://blacktiecannabisme.com","JAMES BRIGHAM","Owner","","Individual Owner"
"DSP129","Dispensary","BLACK TIE CANNABIS LLC","","Active","Greene","","NICHOLAS BRIGHAM","Owner","","Individual Owner"
"DSP140","Dispensary","BLACK TIE CANNABIS LLC","","Active","Lewiston","https://blacktiecannabisme.com","NICHOLAS BRIGHAM","Owner","","Individual Owner"
"DSP132","Dispensary","POT + PAN MEDICAL LLC","","Active","Portland","www.potandpan.com","DUNIA S KHUDAIRI","Officer","Falmouth","Manager"
"DSP132","Dispensary","POT + PAN MEDICAL LLC","","Active","Portland","www.potandpan.com","KERI-JON WILSON","Officer","Windham","Manager"
"DSP132","Dispensary","POT + PAN MEDICAL LLC","","Active","Portland","www.potandpan.com","POT AND PAN, LLC","Owner","","Business Owner"
"DSP101","Dispensary","REMEDY COMPASSION CENTER, INC.","CURALEAF WELLS","Active","Wells","www.curaleaf.com","EDWARD KREMER","Officer","Auburn","Secretary, Treasurer And Director"
"DSP105","Dispensary","PRIMARY ORGANIC THERAPY, INC.","MAINE ORGANIC THERAPY; CURALEAF MAINE","Active","Ellsworth","www.curaleaf.com","EDWARD KREMER","Officer","Auburn","Secretary Treasurer And Director"
"DSP133","Dispensary","AMSBURY HOLDINGS MEDICAL 2, INC.","CURALEAF MEDICAL AUBURN","Active","Auburn","www.curaleaf.com","EDWARD KREMER","Officer","Auburn","Secretary, Treasurer And Director"
"DSP146","Dispensary","AMSBURY HOLDINGS MEDICAL 3, INC.","CURALEAF MEDICAL BANGOR","Active","Bangor","www.curaleaf.com","EDWARD KREMER","Officer","Auburn","Secretary, Treasurer And Director"
"DSP101","Dispensary","REMEDY COMPASSION CENTER, INC.","CURALEAF WELLS","Active","Wells","www.curaleaf.com","ROBERT JOSEPH SCIARRONE","Officer","Auburn","President And Director"
"DSP105","Dispensary","PRIMARY ORGANIC THERAPY, INC.","MAINE ORGANIC THERAPY; CURALEAF MAINE","Active","Ellsworth","www.curaleaf.com","ROBERT JOSEPH SCIARRONE","Officer","Auburn","President And Director"
"DSP133","Dispensary","AMSBURY HOLDINGS MEDICAL 2, INC.","CURALEAF MEDICAL AUBURN","Active","Auburn","www.curaleaf.com","ROBERT JOSEPH SCIARRONE","Officer","Auburn","President And Director"
"DSP146","Dispensary","AMSBURY HOLDINGS MEDICAL 3, INC.","CURALEAF MEDICAL BANGOR","Active","Bangor","www.curaleaf.com","ROBERT JOSEPH SCIARRONE","Officer","Auburn","President And Director"
"DSP101","Dispensary","REMEDY COMPASSION CENTER, INC.","CURALEAF WELLS","Active","Wells","www.curaleaf.com","CLF MAINE, INC.","Owner","","Business Owner"
"DSP105","Dispensary","PRIMARY ORGANIC THERAPY, INC.","MAINE ORGANIC THERAPY; CURALEAF MAINE","Active","Ellsworth","www.curaleaf.com","CLF MAINE, INC.","Owner","","Business Owner"
"DSP133","Dispensary","AMSBURY HOLDINGS MEDICAL 2, INC.","CURALEAF MEDICAL AUBURN","Active","Auburn","www.curaleaf.com","CLF MAINE, INC.","Owner","","Business Owner"
"DSP146","Dispensary","AMSBURY HOLDINGS MEDICAL 3, INC.","CURALEAF MEDICAL BANGOR","Active","Bangor","www.curaleaf.com","CLF MAINE, INC.","Owner","","Business Owner"
"DSP135","Dispensary","MAPLE VALLEY PHARMS LLC","","Active","Waterville","www.maplevalleypharms.com","ANTHONY J VIOLETTE","Officer","Fairfield",""
"DSP135","Dispensary","MAPLE VALLEY PHARMS LLC","","Active","Waterville","www.maplevalleypharms.com","ANTHONY J. VIOLETTE","Owner","","Individual Owner"
"DSP137","Dispensary","ATLANTIC FARMS LLC","ATLANTIC FARMS","Active","Somerville","www.theatlanticfarms.com","ROCCO J ANDREOZZI","Officer","Portland","Officer"
"DSP127","Dispensary","ATLANTIC FARMS LLC","","Active","Portland","www.theatlanticfarms.com","JACKSON T MCLEOD","Officer","Portland",""
"DSP137","Dispensary","ATLANTIC FARMS LLC","ATLANTIC FARMS","Active","Somerville","www.theatlanticfarms.com","JACKSON T MCLEOD","Officer","Portland","Officer"
"DSP245","Dispensary","ATLANTIC FARMS LLC","","Active","Freeman Township","theatlanticfarms.com","JACKSON T MCLEOD","Officer","Portland","Manager"
"DSP127","Dispensary","ATLANTIC FARMS LLC","","Active","Portland","www.theatlanticfarms.com","IAN P LARSON","Officer","Kingfield","Principal"
"DSP137","Dispensary","ATLANTIC FARMS LLC","ATLANTIC FARMS","Active","Somerville","www.theatlanticfarms.com","IAN P LARSON","Officer","Kingfield","Officer"
"DSP245","Dispensary","ATLANTIC FARMS LLC","","Active","Freeman Township","theatlanticfarms.com","IAN P LARSON","Officer","Kingfield","Manager"
"DSP137","Dispensary","ATLANTIC FARMS LLC","ATLANTIC FARMS","Active","Somerville","www.theatlanticfarms.com","ATLANTIC FARMS MANAGEMENT LLC","Owner","","Business Owner"
"DSP129","Dispensary","BLACK TIE CANNABIS LLC","","Active","Greene","","JAMES EDWARD BRIGHAM","Officer","Auburn","Chair"
"DSP140","Dispensary","BLACK TIE CANNABIS LLC","","Active","Lewiston","https://blacktiecannabisme.com","JAMES EDWARD BRIGHAM","Officer","Auburn","Chair"
"DSP129","Dispensary","BLACK TIE CANNABIS LLC","","Active","Greene","","MATTHEW RUSSELL BARLION","Officer","Auburn","Cfo"
"DSP140","Dispensary","BLACK TIE CANNABIS LLC","","Active","Lewiston","https://blacktiecannabisme.com","MATTHEW RUSSELL BARLION","Officer","Auburn",""
"DSP129","Dispensary","BLACK TIE CANNABIS LLC","","Active","Greene","","NICHOLAS J BRIGHAM","Officer","Lewiston","Coo"
"DSP140","Dispensary","BLACK TIE CANNABIS LLC","","Active","Lewiston","https://blacktiecannabisme.com","NICHOLAS J BRIGHAM","Officer","Lewiston","Coo"
"DSP140","Dispensary","BLACK TIE CANNABIS LLC","","Active","Lewiston","https://blacktiecannabisme.com","MATTHEW BARLION","Owner","","Individual Owner"
"DSP129","Dispensary","BLACK TIE CANNABIS LLC","","Active","Greene","","NICHOLAS BRIGHAM","Owner","","Individual Owner"
"DSP140","Dispensary","BLACK TIE CANNABIS LLC","","Active","Lewiston","https://blacktiecannabisme.com","NICHOLAS BRIGHAM","Owner","","Individual Owner"
"DSP129","Dispensary","BLACK TIE CANNABIS LLC","","Active","Greene","","JAMES BRIGHAM","Owner","","Individual Owner"
"DSP140","Dispensary","BLACK TIE CANNABIS LLC","","Active","Lewiston","https://blacktiecannabisme.com","JAMES BRIGHAM","Owner","","Individual Owner"
"DSP142","Dispensary","FADEDCC, LLC","FADED CANNABIS COMPANY","Active","Oxford","","DAMIEN D SIEG","Officer","Windham","Manager"
"DSP142","Dispensary","FADEDCC, LLC","FADED CANNABIS COMPANY","Active","Oxford","","DANIELLE MELISSA CROSEN","Officer","Windham","Member"
"DSP142","Dispensary","FADEDCC, LLC","FADED CANNABIS COMPANY","Active","Oxford","","FRANK SCALLI CROSEN","Officer","Windham","Manager"
"DSP142","Dispensary","FADEDCC, LLC","FADED CANNABIS COMPANY","Active","Oxford","","DANIELLE CROSEN","Owner","Windham","Individual Owner"
"DSP142","Dispensary","FADEDCC, LLC","FADED CANNABIS COMPANY","Active","Oxford","","DAMIEN SIEG","Owner","","Individual Owner"
"DSP142","Dispensary","FADEDCC, LLC","FADED CANNABIS COMPANY","Active","Oxford","","FRANK CROSEN","Owner","","Individual Owner"
"DSP144","Dispensary","NEW ENGLAND TREE FARM, LLC","","Active","Portland","","ANDREW J KEELEY","Officer","Falmouth",""
"DSP144","Dispensary","NEW ENGLAND TREE FARM, LLC","","Active","Portland","","SEAN P BASTIN","Officer","Portland",""
"DSP144","Dispensary","NEW ENGLAND TREE FARM, LLC","","Active","Portland","","SEAN BASTIN","Owner","","Individual Owner"
"DSP144","Dispensary","NEW ENGLAND TREE FARM, LLC","","Active","Portland","","ANDREW KEELEY","Owner","","Individual Owner"
"DSP145","Dispensary","JAR CO. FARMS WINDHAM LLC","JAR CANNABIS CO.","Active","Lewiston","www.jarcannabis.com","JOEL N PEPIN","Officer","Standish","Director/Manager"
"DSP176","Dispensary","JNP SERVICES LLC","JAR CANNABIS CO.","Active","Windham","www.jarcannabis.com","JOEL N PEPIN","Officer","Standish","Director/Manager"
"DSP145","Dispensary","JAR CO. FARMS WINDHAM LLC","JAR CANNABIS CO.","Active","Lewiston","www.jarcannabis.com","RYAN F ROY","Officer","Raymond","Director/Manager"
"DSP176","Dispensary","JNP SERVICES LLC","JAR CANNABIS CO.","Active","Windham","www.jarcannabis.com","RYAN F ROY","Officer","Raymond","Director/Manager"
"DSP145","Dispensary","JAR CO. FARMS WINDHAM LLC","JAR CANNABIS CO.","Active","Lewiston","www.jarcannabis.com","ADAM R PLATZ","Officer","Auburn","Director/Manager"
"DSP176","Dispensary","JNP SERVICES LLC","JAR CANNABIS CO.","Active","Windham","www.jarcannabis.com","ADAM R PLATZ","Officer","Auburn","Director/Manager"
"DSP145","Dispensary","JAR CO. FARMS WINDHAM LLC","JAR CANNABIS CO.","Active","Lewiston","www.jarcannabis.com","JARCO HOLDINGS INC","Owner","","Business Owner"
"DSP176","Dispensary","JNP SERVICES LLC","JAR CANNABIS CO.","Active","Windham","www.jarcannabis.com","JARCO HOLDINGS INC","Owner","","Business Owner"
"DSP101","Dispensary","REMEDY COMPASSION CENTER, INC.","CURALEAF WELLS","Active","Wells","www.curaleaf.com","EDWARD KREMER","Officer","Auburn","Secretary, Treasurer And Director"
"DSP105","Dispensary","PRIMARY ORGANIC THERAPY, INC.","MAINE ORGANIC THERAPY; CURALEAF MAINE","Active","Ellsworth","www.curaleaf.com","EDWARD KREMER","Officer","Auburn","Secretary Treasurer And Director"
"DSP133","Dispensary","AMSBURY HOLDINGS MEDICAL 2, INC.","CURALEAF MEDICAL AUBURN","Active","Auburn","www.curaleaf.com","EDWARD KREMER","Officer","Auburn","Secretary, Treasurer And Director"
"DSP146","Dispensary","AMSBURY HOLDINGS MEDICAL 3, INC.","CURALEAF MEDICAL BANGOR","Active","Bangor","www.curaleaf.com","EDWARD KREMER","Officer","Auburn","Secretary, Treasurer And Director"
"DSP101","Dispensary","REMEDY COMPASSION CENTER, INC.","CURALEAF WELLS","Active","Wells","www.curaleaf.com","ROBERT JOSEPH SCIARRONE","Officer","Auburn","President And Director"
"DSP105","Dispensary","PRIMARY ORGANIC THERAPY, INC.","MAINE ORGANIC THERAPY; CURALEAF MAINE","Active","Ellsworth","www.curaleaf.com","ROBERT JOSEPH SCIARRONE","Officer","Auburn","President And Director"
"DSP133","Dispensary","AMSBURY HOLDINGS MEDICAL 2, INC.","CURALEAF MEDICAL AUBURN","Active","Auburn","www.curaleaf.com","ROBERT JOSEPH SCIARRONE","Officer","Auburn","President And Director"
"DSP146","Dispensary","AMSBURY HOLDINGS MEDICAL 3, INC.","CURALEAF MEDICAL BANGOR","Active","Bangor","www.curaleaf.com","ROBERT JOSEPH SCIARRONE","Officer","Auburn","President And Director"
"DSP101","Dispensary","REMEDY COMPASSION CENTER, INC.","CURALEAF WELLS","Active","Wells","www.curaleaf.com","CLF MAINE, INC.","Owner","","Business Owner"
"DSP105","Dispensary","PRIMARY ORGANIC THERAPY, INC.","MAINE ORGANIC THERAPY; CURALEAF MAINE","Active","Ellsworth","www.curaleaf.com","CLF MAINE, INC.","Owner","","Business Owner"
"DSP133","Dispensary","AMSBURY HOLDINGS MEDICAL 2, INC.","CURALEAF MEDICAL AUBURN","Active","Auburn","www.curaleaf.com","CLF MAINE, INC.","Owner","","Business Owner"
"DSP146","Dispensary","AMSBURY HOLDINGS MEDICAL 3, INC.","CURALEAF MEDICAL BANGOR","Active","Bangor","www.curaleaf.com","CLF MAINE, INC.","Owner","","Business Owner"
"DSP111","Dispensary","BLOSSOM, LLC","BLOSSOM CANNABIS","Active","Biddeford","www.blossommj.com","ELIZABETH A BALDACCI","Officer","Cumberland Foreside","Ceo"
"DSP147","Dispensary","BLOSSOM, LLC","BLOSSOM CANNABIS","Active","Saco","www.blossommj.com","ELIZABETH A BALDACCI","Officer","Cumberland Foreside","Ceo"
"DSP111","Dispensary","BLOSSOM, LLC","BLOSSOM CANNABIS","Active","Biddeford","www.blossommj.com","DAVID S CARR JR","Officer","Tallahassee","Coo"
"DSP147","Dispensary","BLOSSOM, LLC","BLOSSOM CANNABIS","Active","Saco","www.blossommj.com","DAVID S CARR JR","Officer","Tallahassee","Coo"
"DSP111","Dispensary","BLOSSOM, LLC","BLOSSOM CANNABIS","Active","Biddeford","www.blossommj.com","BLOSSOM HOLDINGS, INC.","Owner","","Business Owner"
"DSP147","Dispensary","BLOSSOM, LLC","BLOSSOM CANNABIS","Active","Saco","www.blossommj.com","BLOSSOM HOLDINGS, INC.","Owner","","Business Owner"
"DSP252","Dispensary","BLOSSOM, LLC","BLOSSOM CANNABIS","Pending","South Portland","","BLOSSOM HOLDINGS, INC.","Owner","","Business Owner"
"DSP148","Dispensary","420 PHARMA STORE LLC","","Active","Mechanic Falls","420pharmame.com","ALISHA C KLAR","Officer","Minot","Owner/Director"
"DSP148","Dispensary","420 PHARMA STORE LLC","","Active","Mechanic Falls","420pharmame.com","ALISHA C. KLAR","Owner","","Individual Owner"
"DSP149","Dispensary","SAM CROCKETT DISPENSARY LLC","CANNABIS CURED FAIRFIELD DISPENSARY","Active","Fairfield","","SAMUEL O CROCKETT","Officer","Benton","Principal"
"DSP149","Dispensary","SAM CROCKETT DISPENSARY LLC","CANNABIS CURED FAIRFIELD DISPENSARY","Active","Fairfield","","SAMUEL CROCKETT","Owner","","Individual Owner"
"DSP150","Dispensary","BRIGID CULTIVATION, LLC","","Active","Saco","","ROBERT B MESSER","Officer","Saco","General Manager"
"DSP150","Dispensary","BRIGID CULTIVATION, LLC","","Active","Saco","","JESSICA L BROADBENT","Officer","Wells","Dsp Manager"
"DSP150","Dispensary","BRIGID CULTIVATION, LLC","","Active","Saco","","ROBERT BRETT MESSER","Owner","","Individual Owner"
"DSP153","Dispensary","NORTHERN TERPS LLC","","Active","Lewiston","","DAVID MICHAEL NAPPI","Officer","Windham","Managing Member"
"DSP153","Dispensary","NORTHERN TERPS LLC","","Active","Lewiston","","RYAN ANTHONY NAPPI","Officer","Raymond","Managing Member"
"DSP153","Dispensary","NORTHERN TERPS LLC","","Active","Lewiston","","ANTHONY MICHAEL NAPPI JR","Officer","Hollis Center","Managing Member"
"DSP153","Dispensary","NORTHERN TERPS LLC","","Active","Lewiston","","DAVID NAPPI","Owner","","Individual Owner"
"DSP153","Dispensary","NORTHERN TERPS LLC","","Active","Lewiston","","ANTHONY NAPPI","Owner","","Individual Owner"
"DSP153","Dispensary","NORTHERN TERPS LLC","","Active","Lewiston","","RYAN NAPPI","Owner","","Individual Owner"
"DSP154","Dispensary","HIGHBROW INDUSTRIES LLC","","Active","Bath","www.highbrowmaine.com","CHARLES M DOHERTY IV","Officer","Brunswick","Owner"
"DSP154","Dispensary","HIGHBROW INDUSTRIES LLC","","Active","Bath","www.highbrowmaine.com","JASON L BROSSI","Officer","Brunswick","Owner"
"DSP154","Dispensary","HIGHBROW INDUSTRIES LLC","","Active","Bath","www.highbrowmaine.com","NOAH ROSEN","Owner","","Individual Owner"
"DSP154","Dispensary","HIGHBROW INDUSTRIES LLC","","Active","Bath","www.highbrowmaine.com","CHARLES DOHERTY IV","Owner","","Individual Owner"
"DSP154","Dispensary","HIGHBROW INDUSTRIES LLC","","Active","Bath","www.highbrowmaine.com","JASON BROSSI","Owner","","Individual Owner"
"DSP157","Dispensary","IN & OUT OF THE GARDEN WE GROW, LLC","","Active","Bethel","","GABRIELE STOPPINI","Officer","Bethel","Owner"
"DSP157","Dispensary","IN & OUT OF THE GARDEN WE GROW, LLC","","Active","Bethel","","GABRIELE STOPPINI","Owner","","Individual Owner"
"DSP157","Dispensary","IN & OUT OF THE GARDEN WE GROW, LLC","","Active","Bethel","","GABRIELE STOPPINI","Officer","Bethel","Owner"
"DSP157","Dispensary","IN & OUT OF THE GARDEN WE GROW, LLC","","Active","Bethel","","GABRIELE STOPPINI","Owner","","Individual Owner"
"DSP104","Dispensary","SAFE ALTERNATIVES","","Active","Caribou","www.safealternativesmaine.com","MICHAEL T RABBIA","Officer","Gray","Vp Of Sales/Vice President"
"DSP158","Dispensary","UPSTATE  GARDENS LLC","","Active","Lewiston","","MICHAEL T RABBIA","Officer","Gray","Owner/Partner/Operator"
"DSP104","Dispensary","SAFE ALTERNATIVES","","Active","Caribou","www.safealternativesmaine.com","NICHOLAS J MASTERPOL III","Officer","Windham","Vp Of Operations/President"
"DSP158","Dispensary","UPSTATE  GARDENS LLC","","Active","Lewiston","","NICHOLAS J MASTERPOL III","Officer","Windham","Owner/Partner/Operator"
"DSP158","Dispensary","UPSTATE  GARDENS LLC","","Active","Lewiston","","WILLIAM T BRUSH JR","Officer","Turner","Owner/Partner/Operator"
"DSP158","Dispensary","UPSTATE  GARDENS LLC","","Active","Lewiston","","WILLIAM BRUSH JR","Owner","","Individual Owner"
"DSP158","Dispensary","UPSTATE  GARDENS LLC","","Active","Lewiston","","NICHOLAS MASTERPOL III","Owner","","Individual Owner"
"DSP158","Dispensary","UPSTATE  GARDENS LLC","","Active","Lewiston","","MICHAEL RABBIA","Owner","","Individual Owner"
"DSP159","Dispensary","CABERSKI INDUSTRIES LLC","HIDDEN GREENS","Active","Buxton","","ERIC A HABERSKI","Officer","Bar Mills","Manager"
"DSP159","Dispensary","CABERSKI INDUSTRIES LLC","HIDDEN GREENS","Active","Buxton","","ERIC A. HABERSKI","Owner","","Individual Owner"
"DSP160","Dispensary","REMAINE HUMBLE FARMS LLC","","Active","Winslow","www.remainehumblefarms.com","JONATHAN M GRAULICH","Officer","Fairfield","Member And President"
"DSP160","Dispensary","REMAINE HUMBLE FARMS LLC","","Active","Winslow","www.remainehumblefarms.com","CRAIG AARON YOUNG","Officer","Plantation","Vice President"
"DSP160","Dispensary","REMAINE HUMBLE FARMS LLC","","Active","Winslow","www.remainehumblefarms.com","STEVEN PATRICK REMOTIGUE","Officer","Coral Springs","Chief Technology Officer"
"DSP160","Dispensary","REMAINE HUMBLE FARMS LLC","","Active","Winslow","www.remainehumblefarms.com","CHAD WILLIAM STULTZ","Officer","Boca Raton","Chief Operating Officer"
"DSP160","Dispensary","REMAINE HUMBLE FARMS LLC","","Active","Winslow","www.remainehumblefarms.com","GREENER DAYS INVESTMENTS LLC","Owner","","Business Owner"
"DSP160","Dispensary","REMAINE HUMBLE FARMS LLC","","Active","Winslow","www.remainehumblefarms.com","JONATHAN M. GRAULICH","Owner","","Individual Owner"
"DSP109","Dispensary","RUGGED ROOTS, LLC","","Active","Lewiston","","SEAN M BOWIE","Officer","Auburn","Member/Manager"
"DSP161","Dispensary","RUGGED ROOTS SOUTH, LLC","","Active","Portland","www.ruggedrootsinc.com","SEAN M BOWIE","Officer","Auburn","Manager"
"DSP109","Dispensary","RUGGED ROOTS, LLC","","Active","Lewiston","","RYAN ROBERT RICHARDS","Officer","Auburn","Member/Manager"
"DSP161","Dispensary","RUGGED ROOTS SOUTH, LLC","","Active","Portland","www.ruggedrootsinc.com","RYAN ROBERT RICHARDS","Officer","Auburn","Manager"
"DSP161","Dispensary","RUGGED ROOTS SOUTH, LLC","","Active","Portland","www.ruggedrootsinc.com","RUGGED ROOTS SOUTH, LLC","Owner","","Business Owner"
"DSP162","Dispensary","CENTER STREET OPERATIONS LLC","SHAGGY'S BAGGY","Active","Auburn","","ALEXANDER GORDON JARDEN","Officer","Portland","Manager"
"DSP162","Dispensary","CENTER STREET OPERATIONS LLC","SHAGGY'S BAGGY","Active","Auburn","","FRED S JARDEN","Officer","Wayne","Owner"
"DSP162","Dispensary","CENTER STREET OPERATIONS LLC","SHAGGY'S BAGGY","Active","Auburn","","FRED S JARDEN","Owner","","Individual Owner"
"DSP162","Dispensary","CENTER STREET OPERATIONS LLC","SHAGGY'S BAGGY","Active","Auburn","","FRED S JARDEN","Officer","Wayne","Owner"
"DSP162","Dispensary","CENTER STREET OPERATIONS LLC","SHAGGY'S BAGGY","Active","Auburn","","FRED S JARDEN","Owner","","Individual Owner"
"DSP165","Dispensary","COSMIC SOLUTIONS LLC","ZERO GRAVITY CANNABIS","Active","Saco","www.zerogravitycannabis.com","TODD J MEIER","Officer","Yarmouth","Owner"
"DSP165","Dispensary","COSMIC SOLUTIONS LLC","ZERO GRAVITY CANNABIS","Active","Saco","www.zerogravitycannabis.com","ALLEN W MEIER","Officer","Yarmouth","Owner"
"DSP165","Dispensary","COSMIC SOLUTIONS LLC","ZERO GRAVITY CANNABIS","Active","Saco","www.zerogravitycannabis.com","PATRICK J ROBINSON","Officer","Saco","Owner"
"DSP165","Dispensary","COSMIC SOLUTIONS LLC","ZERO GRAVITY CANNABIS","Active","Saco","www.zerogravitycannabis.com","ALLEN W. MEIER","Owner","","Individual Owner"
"DSP165","Dispensary","COSMIC SOLUTIONS LLC","ZERO GRAVITY CANNABIS","Active","Saco","www.zerogravitycannabis.com","TODD J. MEIER","Owner","","Individual Owner"
"DSP165","Dispensary","COSMIC SOLUTIONS LLC","ZERO GRAVITY CANNABIS","Active","Saco","www.zerogravitycannabis.com","PATRICK J. ROBINSON","Owner","","Individual Owner"
"DSP169","Dispensary","HARBOR COASTAL CANNABIS, LLC","","Active","South Portland","","CONNOR PETER COHAN","Officer","Gorham","Member/Manager"
"DSP169","Dispensary","HARBOR COASTAL CANNABIS, LLC","","Active","South Portland","","ANTHONY J CURTO","Officer","South Portland","Member/Manager"
"DSP169","Dispensary","HARBOR COASTAL CANNABIS, LLC","","Active","South Portland","","MATTHEW A FERRARI","Officer","Saco","Member/Manager"
"DSP169","Dispensary","HARBOR COASTAL CANNABIS, LLC","","Active","South Portland","","ANTHONY CURTO","Owner","","Individual Owner"
"DSP169","Dispensary","HARBOR COASTAL CANNABIS, LLC","","Active","South Portland","","MATTHEW FERRARI","Owner","","Individual Owner"
"DSP169","Dispensary","HARBOR COASTAL CANNABIS, LLC","","Active","South Portland","","CONNOR COHAN","Owner","","Individual Owner"
"DSP170","Dispensary","MODERN DYNAMICS MFG MEDICAL LLC","STARBASE MED MFG","Active","Biddeford","","STEVEN JOSEPH PICA","Officer","Boston","Manager"
"DSP170","Dispensary","MODERN DYNAMICS MFG MEDICAL LLC","STARBASE MED MFG","Active","Biddeford","","BERKSHIRE KIND, INC.","Owner","","Business Owner"
"DSP171","Dispensary","RIVER ROAD AGRICULTURAL, LLC","","Pending","Lewiston","","JACOB E MCMAHAN","Officer","Lewiston","Director"
"DSP171","Dispensary","RIVER ROAD AGRICULTURAL, LLC","","Pending","Lewiston","","ALEXANDER CARSON MCMAHAN","Officer","Lewiston","Director"
"DSP171","Dispensary","RIVER ROAD AGRICULTURAL, LLC","","Pending","Lewiston","","ALEXANDER CARSON MCMAHAN","Owner","","Individual Owner"
"DSP171","Dispensary","RIVER ROAD AGRICULTURAL, LLC","","Pending","Lewiston","","JOSEPH CHARLES JOHNSON","Officer","Lewiston","Director"
"DSP171","Dispensary","RIVER ROAD AGRICULTURAL, LLC","","Pending","Lewiston","","TERRI M WENTWORTH","Officer","Lewiston","Director"
"DSP171","Dispensary","RIVER ROAD AGRICULTURAL, LLC","","Pending","Lewiston","","JOSEPH M COUTURE","Officer","Lewiston","Director"
"DSP171","Dispensary","RIVER ROAD AGRICULTURAL, LLC","","Pending","Lewiston","","TERRI M. WENTWORTH","Owner","","Individual Owner"
"DSP171","Dispensary","RIVER ROAD AGRICULTURAL, LLC","","Pending","Lewiston","","ALEXANDER CARSON MCMAHAN","Officer","Lewiston","Director"
"DSP171","Dispensary","RIVER ROAD AGRICULTURAL, LLC","","Pending","Lewiston","","ALEXANDER CARSON MCMAHAN","Owner","","Individual Owner"
"DSP171","Dispensary","RIVER ROAD AGRICULTURAL, LLC","","Pending","Lewiston","","JOSEPH M. JOHNSON","Owner","","Individual Owner"
"DSP171","Dispensary","RIVER ROAD AGRICULTURAL, LLC","","Pending","Lewiston","","JOSEPH CHARLES COUTURE","Owner","","Individual Owner"
"DSP171","Dispensary","RIVER ROAD AGRICULTURAL, LLC","","Pending","Lewiston","","JACOB E. MCMAHAN","Owner","","Individual Owner"
"DSP172","Dispensary","RIVERSIDE GREENERY LLC","","Active","Auburn","www.riversidecannabisgreenery.com","KYLE LAWRENCE PEPIN","Officer","Greene","President"
"DSP172","Dispensary","RIVERSIDE GREENERY LLC","","Active","Auburn","www.riversidecannabisgreenery.com","WILLIAM E BUTTS","Officer","Auburn","Vice President"
"DSP172","Dispensary","RIVERSIDE GREENERY LLC","","Active","Auburn","www.riversidecannabisgreenery.com","KLYE PEPIN","Owner","","Individual Owner"
"DSP172","Dispensary","RIVERSIDE GREENERY LLC","","Active","Auburn","www.riversidecannabisgreenery.com","WILLIAM BUTTS","Owner","","Individual Owner"
"DSP174","Dispensary","F. BERENYI ENTERPRISES LLC","MARIJUANAVILLE","Active","Gardiner","https://marijuanaville.us/","FRANK G BERENYI","Officer","Waterville","President"
"DSP174","Dispensary","F. BERENYI ENTERPRISES LLC","MARIJUANAVILLE","Active","Gardiner","https://marijuanaville.us/","FRANK G BERENYI","Owner","","Individual Owner"
"DSP194","Dispensary","BERENYI ENTERPRISES, LLC","MARIJUANAVILLE","Active","Wilton","","FRANK G BERENYI","Officer","Waterville","Owner"
"DSP194","Dispensary","BERENYI ENTERPRISES, LLC","MARIJUANAVILLE","Active","Wilton","","FRANK G BERENYI","Owner","","Individual Owner"
"DSP201","Dispensary","F.G. BERENYI, LLC","MARIJUANAVILLE","Active","Bangor","","FRANK G BERENYI","Officer","Waterville","Ceo"
"DSP201","Dispensary","F.G. BERENYI, LLC","MARIJUANAVILLE","Active","Bangor","","FRANK G BERENYI","Owner","","Individual Owner"
"DSP202","Dispensary","K BERENYI LLC","MARIJUANAVILLE","Active","Alfred","https://marijuanaville.us/index.html","FRANK G BERENYI","Officer","Waterville","Ceo"
"DSP202","Dispensary","K BERENYI LLC","MARIJUANAVILLE","Active","Alfred","https://marijuanaville.us/index.html","FRANK G BERENYI","Owner","","Individual Owner"
"DSP216","Dispensary","HGC LLC","MARIJUANAVILLE","Active","Winslow","","FRANK G BERENYI","Officer","Waterville","Owner"
"DSP216","Dispensary","HGC LLC","MARIJUANAVILLE","Active","Winslow","","FRANK G BERENYI","Owner","","Individual Owner"
"DSP219","Dispensary","D BERENYI, LLC","MARIJUANAVILLE","Active","Augusta","https://marijuanaville.us/index.html","FRANK G BERENYI","Officer","Waterville","Owner"
"DSP219","Dispensary","D BERENYI, LLC","MARIJUANAVILLE","Active","Augusta","https://marijuanaville.us/index.html","FRANK G BERENYI","Owner","","Individual Owner"
"DSP223","Dispensary","MV UNITY LLC","MARIJUANAVILLE","Active","Unity","https://marijuanaville.marketingservices.dev/","FRANK G BERENYI","Officer","Waterville","Owner"
"DSP223","Dispensary","MV UNITY LLC","MARIJUANAVILLE","Active","Unity","https://marijuanaville.marketingservices.dev/","FRANK G BERENYI","Owner","","Individual Owner"
"DSP225","Dispensary","THE BERENYI GROUP LLC","MARIJUANAVILLE","Active","Newport","https://marijuanaville.marketingservices.dev/","FRANK G BERENYI","Officer","Waterville","Owner"
"DSP225","Dispensary","THE BERENYI GROUP LLC","MARIJUANAVILLE","Active","Newport","https://marijuanaville.marketingservices.dev/","FRANK G BERENYI","Owner","","Individual Owner"
"DSP234","Dispensary","MV LEWISTON, LLC","MARIJUANAVILLE","Active","Lewiston","","FRANK G BERENYI","Officer","Waterville",""
"DSP237","Dispensary","ORLAND MVILLE, LLC","MARIJUANAVILLE","Active","Orland","https://marijuanaville.marketingservices.dev/","FRANK G BERENYI","Officer","Waterville","Owner"
"DSP244","Dispensary","MV LISBON STREET 2, LLC","MARIJUANAVILLE","Active","Lewiston","https://marijuanaville.marketingservices.dev/","FRANK G BERENYI","Officer","Waterville","Owner"
"DSP174","Dispensary","F. BERENYI ENTERPRISES LLC","MARIJUANAVILLE","Active","Gardiner","https://marijuanaville.us/","FRANK G BERENYI","Officer","Waterville","President"
"DSP174","Dispensary","F. BERENYI ENTERPRISES LLC","MARIJUANAVILLE","Active","Gardiner","https://marijuanaville.us/","FRANK G BERENYI","Owner","","Individual Owner"
"DSP194","Dispensary","BERENYI ENTERPRISES, LLC","MARIJUANAVILLE","Active","Wilton","","FRANK G BERENYI","Officer","Waterville","Owner"
"DSP194","Dispensary","BERENYI ENTERPRISES, LLC","MARIJUANAVILLE","Active","Wilton","","FRANK G BERENYI","Owner","","Individual Owner"
"DSP201","Dispensary","F.G. BERENYI, LLC","MARIJUANAVILLE","Active","Bangor","","FRANK G BERENYI","Officer","Waterville","Ceo"
"DSP201","Dispensary","F.G. BERENYI, LLC","MARIJUANAVILLE","Active","Bangor","","FRANK G BERENYI","Owner","","Individual Owner"
"DSP202","Dispensary","K BERENYI LLC","MARIJUANAVILLE","Active","Alfred","https://marijuanaville.us/index.html","FRANK G BERENYI","Officer","Waterville","Ceo"
"DSP202","Dispensary","K BERENYI LLC","MARIJUANAVILLE","Active","Alfred","https://marijuanaville.us/index.html","FRANK G BERENYI","Owner","","Individual Owner"
"DSP216","Dispensary","HGC LLC","MARIJUANAVILLE","Active","Winslow","","FRANK G BERENYI","Officer","Waterville","Owner"
"DSP216","Dispensary","HGC LLC","MARIJUANAVILLE","Active","Winslow","","FRANK G BERENYI","Owner","","Individual Owner"
"DSP219","Dispensary","D BERENYI, LLC","MARIJUANAVILLE","Active","Augusta","https://marijuanaville.us/index.html","FRANK G BERENYI","Officer","Waterville","Owner"
"DSP219","Dispensary","D BERENYI, LLC","MARIJUANAVILLE","Active","Augusta","https://marijuanaville.us/index.html","FRANK G BERENYI","Owner","","Individual Owner"
"DSP223","Dispensary","MV UNITY LLC","MARIJUANAVILLE","Active","Unity","https://marijuanaville.marketingservices.dev/","FRANK G BERENYI","Officer","Waterville","Owner"
"DSP223","Dispensary","MV UNITY LLC","MARIJUANAVILLE","Active","Unity","https://marijuanaville.marketingservices.dev/","FRANK G BERENYI","Owner","","Individual Owner"
"DSP225","Dispensary","THE BERENYI GROUP LLC","MARIJUANAVILLE","Active","Newport","https://marijuanaville.marketingservices.dev/","FRANK G BERENYI","Officer","Waterville","Owner"
"DSP225","Dispensary","THE BERENYI GROUP LLC","MARIJUANAVILLE","Active","Newport","https://marijuanaville.marketingservices.dev/","FRANK G BERENYI","Owner","","Individual Owner"
"DSP234","Dispensary","MV LEWISTON, LLC","MARIJUANAVILLE","Active","Lewiston","","FRANK G BERENYI","Officer","Waterville",""
"DSP237","Dispensary","ORLAND MVILLE, LLC","MARIJUANAVILLE","Active","Orland","https://marijuanaville.marketingservices.dev/","FRANK G BERENYI","Officer","Waterville","Owner"
"DSP244","Dispensary","MV LISBON STREET 2, LLC","MARIJUANAVILLE","Active","Lewiston","https://marijuanaville.marketingservices.dev/","FRANK G BERENYI","Officer","Waterville","Owner"
"DSP175","Dispensary","ALTERNATIVE RELIEF, LLC","","Active","Portland","","ROBERT C DERREY","Officer","Portland","Manager"
"DSP175","Dispensary","ALTERNATIVE RELIEF, LLC","","Active","Portland","","ROBERT DERREY","Owner","","Individual Owner"
"DSP145","Dispensary","JAR CO. FARMS WINDHAM LLC","JAR CANNABIS CO.","Active","Lewiston","www.jarcannabis.com","JOEL N PEPIN","Officer","Standish","Director/Manager"
"DSP176","Dispensary","JNP SERVICES LLC","JAR CANNABIS CO.","Active","Windham","www.jarcannabis.com","JOEL N PEPIN","Officer","Standish","Director/Manager"
"DSP145","Dispensary","JAR CO. FARMS WINDHAM LLC","JAR CANNABIS CO.","Active","Lewiston","www.jarcannabis.com","RYAN F ROY","Officer","Raymond","Director/Manager"
"DSP176","Dispensary","JNP SERVICES LLC","JAR CANNABIS CO.","Active","Windham","www.jarcannabis.com","RYAN F ROY","Officer","Raymond","Director/Manager"
"DSP145","Dispensary","JAR CO. FARMS WINDHAM LLC","JAR CANNABIS CO.","Active","Lewiston","www.jarcannabis.com","ADAM R PLATZ","Officer","Auburn","Director/Manager"
"DSP176","Dispensary","JNP SERVICES LLC","JAR CANNABIS CO.","Active","Windham","www.jarcannabis.com","ADAM R PLATZ","Officer","Auburn","Director/Manager"
"DSP145","Dispensary","JAR CO. FARMS WINDHAM LLC","JAR CANNABIS CO.","Active","Lewiston","www.jarcannabis.com","JARCO HOLDINGS INC","Owner","","Business Owner"
"DSP176","Dispensary","JNP SERVICES LLC","JAR CANNABIS CO.","Active","Windham","www.jarcannabis.com","JARCO HOLDINGS INC","Owner","","Business Owner"
"DSP178","Dispensary","INCREMENTUM LLC","BITTERSWEET SMOKE COMPANY","Active","Auburn","www.pinesmokestone.com","RYAN R BOURQUE","Officer","Lewiston","Sole Proprietor"
"DSP178","Dispensary","INCREMENTUM LLC","BITTERSWEET SMOKE COMPANY","Active","Auburn","www.pinesmokestone.com","RYAN BOURQUE","Owner","","Individual Owner"
"DSP179","Dispensary","MIGHTY VIKING, INC.","MIGHTY VIKING GUMMIES","Active","Hallowell","www.mightyviking.me","JOSEPH H GASTALDO","Officer","Gardiner","Chief Product Officer, President"
"DSP179","Dispensary","MIGHTY VIKING, INC.","MIGHTY VIKING GUMMIES","Active","Hallowell","www.mightyviking.me","JOSEPH H GASTALDO","Owner","","Individual Owner"
"DSP179","Dispensary","MIGHTY VIKING, INC.","MIGHTY VIKING GUMMIES","Active","Hallowell","www.mightyviking.me","PAUL W ARANT","Officer","Gardiner","Chief Financial And Operating Officer, Treasurer"
"DSP179","Dispensary","MIGHTY VIKING, INC.","MIGHTY VIKING GUMMIES","Active","Hallowell","www.mightyviking.me","JOSEPH H GASTALDO","Officer","Gardiner","Chief Product Officer, President"
"DSP179","Dispensary","MIGHTY VIKING, INC.","MIGHTY VIKING GUMMIES","Active","Hallowell","www.mightyviking.me","JOSEPH H GASTALDO","Owner","","Individual Owner"
"DSP179","Dispensary","MIGHTY VIKING, INC.","MIGHTY VIKING GUMMIES","Active","Hallowell","www.mightyviking.me","PAUL ARANT","Owner","","Individual Owner"
"DSP180","Dispensary","E.P.M. CAREGIVING, LLC","","Active","Somerville","https://epmcaregiving.com/","EVAN P MORRISON","Officer","Somerville","Owner"
"DSP180","Dispensary","E.P.M. CAREGIVING, LLC","","Active","Somerville","https://epmcaregiving.com/","EVAN MORRISON","Owner","","Individual Owner"
"DSP181","Dispensary","TOP NOTCH CANNABIS, LLC","","Active","Winslow","www.topnotchcannabis207.com","NICHOLAS A DUPERRY","Officer","Clinton","Owner"
"DSP181","Dispensary","TOP NOTCH CANNABIS, LLC","","Active","Winslow","www.topnotchcannabis207.com","TREVOR A MCKENNEY","Officer","Albion","Owner"
"DSP181","Dispensary","TOP NOTCH CANNABIS, LLC","","Active","Winslow","www.topnotchcannabis207.com","TREVOR A. MCKENNEY","Owner","","Individual Owner"
"DSP181","Dispensary","TOP NOTCH CANNABIS, LLC","","Active","Winslow","www.topnotchcannabis207.com","NICHOLAS A. DUPERRY","Owner","","Individual Owner"
"DSP184","Dispensary","INHALE ZEN, LLC","LAKEWOOD CANANBIS","Active","Standish","www.inhalezen.com","ALEXANDRIA F GOODWIN","Officer","Windham","Vice Chair"
"DSP184","Dispensary","INHALE ZEN, LLC","LAKEWOOD CANANBIS","Active","Standish","www.inhalezen.com","MARK R GOODWIN","Officer","Windham","Chair"
"DSP184","Dispensary","INHALE ZEN, LLC","LAKEWOOD CANANBIS","Active","Standish","www.inhalezen.com","MARK R. GOODWIN","Owner","","Individual Owner"
"DSP184","Dispensary","INHALE ZEN, LLC","LAKEWOOD CANANBIS","Active","Standish","www.inhalezen.com","ALEXANDRIA F. GOODWIN","Owner","","Individual Owner"
"DSP185","Dispensary","AMBER HORIZONS LLC","","Active","Waterville","https://amberhorizonscannabis.com/","TIMOTHY M POULIN","Officer","Winslow","Chairman"
"DSP185","Dispensary","AMBER HORIZONS LLC","","Active","Waterville","https://amberhorizonscannabis.com/","TIMOTHY POULIN","Owner","","Individual Owner"
"DSP188","Dispensary","Y&Z GROW LLC","","Active","Fairfield","","JIA LANG CHENG","Officer","Fairfield","Manager"
"DSP188","Dispensary","Y&Z GROW LLC","","Active","Fairfield","","JIA LANG CHENG","Owner","","Individual Owner"
"DSP188","Dispensary","Y&Z GROW LLC","","Active","Fairfield","","HUI ZHANG","Officer","Fairfield","Partner"
"DSP188","Dispensary","Y&Z GROW LLC","","Active","Fairfield","","HUI ZHANG","Owner","","Individual Owner"
"DSP188","Dispensary","Y&Z GROW LLC","","Active","Fairfield","","JIMMY X LI","Officer","Fairfield","President"
"DSP188","Dispensary","Y&Z GROW LLC","","Active","Fairfield","","JIA LANG CHENG","Officer","Fairfield","Manager"
"DSP188","Dispensary","Y&Z GROW LLC","","Active","Fairfield","","JIA LANG CHENG","Owner","","Individual Owner"
"DSP188","Dispensary","Y&Z GROW LLC","","Active","Fairfield","","JIMMY LI","Owner","","Individual Owner"
"DSP188","Dispensary","Y&Z GROW LLC","","Active","Fairfield","","HUI ZHANG","Officer","Fairfield","Partner"
"DSP188","Dispensary","Y&Z GROW LLC","","Active","Fairfield","","HUI ZHANG","Owner","","Individual Owner"
"DSP189","Dispensary","FISHBOWL FARMS, LLC","","Active","Auburn","","STEVEN B FASNACHT","Officer","Cumberland Center","Manager"
"DSP189","Dispensary","FISHBOWL FARMS, LLC","","Active","Auburn","","AMANDA MARIE FASNACHT","Officer","Cumberland","Manager"
"DSP189","Dispensary","FISHBOWL FARMS, LLC","","Active","Auburn","","AMANDA MARIE FASNACHT","Owner","","Individual Owner"
"DSP189","Dispensary","FISHBOWL FARMS, LLC","","Active","Auburn","","STEVEN B. FASNACHT","Owner","","Individual Owner"
"DSP189","Dispensary","FISHBOWL FARMS, LLC","","Active","Auburn","","AMANDA MARIE FASNACHT","Officer","Cumberland","Manager"
"DSP189","Dispensary","FISHBOWL FARMS, LLC","","Active","Auburn","","AMANDA MARIE FASNACHT","Owner","","Individual Owner"
"DSP174","Dispensary","F. BERENYI ENTERPRISES LLC","MARIJUANAVILLE","Active","Gardiner","https://marijuanaville.us/","FRANK G BERENYI","Officer","Waterville","President"
"DSP174","Dispensary","F. BERENYI ENTERPRISES LLC","MARIJUANAVILLE","Active","Gardiner","https://marijuanaville.us/","FRANK G BERENYI","Owner","","Individual Owner"
"DSP194","Dispensary","BERENYI ENTERPRISES, LLC","MARIJUANAVILLE","Active","Wilton","","FRANK G BERENYI","Officer","Waterville","Owner"
"DSP194","Dispensary","BERENYI ENTERPRISES, LLC","MARIJUANAVILLE","Active","Wilton","","FRANK G BERENYI","Owner","","Individual Owner"
"DSP201","Dispensary","F.G. BERENYI, LLC","MARIJUANAVILLE","Active","Bangor","","FRANK G BERENYI","Officer","Waterville","Ceo"
"DSP201","Dispensary","F.G. BERENYI, LLC","MARIJUANAVILLE","Active","Bangor","","FRANK G BERENYI","Owner","","Individual Owner"
"DSP202","Dispensary","K BERENYI LLC","MARIJUANAVILLE","Active","Alfred","https://marijuanaville.us/index.html","FRANK G BERENYI","Officer","Waterville","Ceo"
"DSP202","Dispensary","K BERENYI LLC","MARIJUANAVILLE","Active","Alfred","https://marijuanaville.us/index.html","FRANK G BERENYI","Owner","","Individual Owner"
"DSP216","Dispensary","HGC LLC","MARIJUANAVILLE","Active","Winslow","","FRANK G BERENYI","Officer","Waterville","Owner"
"DSP216","Dispensary","HGC LLC","MARIJUANAVILLE","Active","Winslow","","FRANK G BERENYI","Owner","","Individual Owner"
"DSP219","Dispensary","D BERENYI, LLC","MARIJUANAVILLE","Active","Augusta","https://marijuanaville.us/index.html","FRANK G BERENYI","Officer","Waterville","Owner"
"DSP219","Dispensary","D BERENYI, LLC","MARIJUANAVILLE","Active","Augusta","https://marijuanaville.us/index.html","FRANK G BERENYI","Owner","","Individual Owner"
"DSP223","Dispensary","MV UNITY LLC","MARIJUANAVILLE","Active","Unity","https://marijuanaville.marketingservices.dev/","FRANK G BERENYI","Officer","Waterville","Owner"
"DSP223","Dispensary","MV UNITY LLC","MARIJUANAVILLE","Active","Unity","https://marijuanaville.marketingservices.dev/","FRANK G BERENYI","Owner","","Individual Owner"
"DSP225","Dispensary","THE BERENYI GROUP LLC","MARIJUANAVILLE","Active","Newport","https://marijuanaville.marketingservices.dev/","FRANK G BERENYI","Officer","Waterville","Owner"
"DSP225","Dispensary","THE BERENYI GROUP LLC","MARIJUANAVILLE","Active","Newport","https://marijuanaville.marketingservices.dev/","FRANK G BERENYI","Owner","","Individual Owner"
"DSP234","Dispensary","MV LEWISTON, LLC","MARIJUANAVILLE","Active","Lewiston","","FRANK G BERENYI","Officer","Waterville",""
"DSP237","Dispensary","ORLAND MVILLE, LLC","MARIJUANAVILLE","Active","Orland","https://marijuanaville.marketingservices.dev/","FRANK G BERENYI","Officer","Waterville","Owner"
"DSP244","Dispensary","MV LISBON STREET 2, LLC","MARIJUANAVILLE","Active","Lewiston","https://marijuanaville.marketingservices.dev/","FRANK G BERENYI","Officer","Waterville","Owner"
"DSP174","Dispensary","F. BERENYI ENTERPRISES LLC","MARIJUANAVILLE","Active","Gardiner","https://marijuanaville.us/","FRANK G BERENYI","Officer","Waterville","President"
"DSP174","Dispensary","F. BERENYI ENTERPRISES LLC","MARIJUANAVILLE","Active","Gardiner","https://marijuanaville.us/","FRANK G BERENYI","Owner","","Individual Owner"
"DSP194","Dispensary","BERENYI ENTERPRISES, LLC","MARIJUANAVILLE","Active","Wilton","","FRANK G BERENYI","Officer","Waterville","Owner"
"DSP194","Dispensary","BERENYI ENTERPRISES, LLC","MARIJUANAVILLE","Active","Wilton","","FRANK G BERENYI","Owner","","Individual Owner"
"DSP201","Dispensary","F.G. BERENYI, LLC","MARIJUANAVILLE","Active","Bangor","","FRANK G BERENYI","Officer","Waterville","Ceo"
"DSP201","Dispensary","F.G. BERENYI, LLC","MARIJUANAVILLE","Active","Bangor","","FRANK G BERENYI","Owner","","Individual Owner"
"DSP202","Dispensary","K BERENYI LLC","MARIJUANAVILLE","Active","Alfred","https://marijuanaville.us/index.html","FRANK G BERENYI","Officer","Waterville","Ceo"
"DSP202","Dispensary","K BERENYI LLC","MARIJUANAVILLE","Active","Alfred","https://marijuanaville.us/index.html","FRANK G BERENYI","Owner","","Individual Owner"
"DSP216","Dispensary","HGC LLC","MARIJUANAVILLE","Active","Winslow","","FRANK G BERENYI","Officer","Waterville","Owner"
"DSP216","Dispensary","HGC LLC","MARIJUANAVILLE","Active","Winslow","","FRANK G BERENYI","Owner","","Individual Owner"
"DSP219","Dispensary","D BERENYI, LLC","MARIJUANAVILLE","Active","Augusta","https://marijuanaville.us/index.html","FRANK G BERENYI","Officer","Waterville","Owner"
"DSP219","Dispensary","D BERENYI, LLC","MARIJUANAVILLE","Active","Augusta","https://marijuanaville.us/index.html","FRANK G BERENYI","Owner","","Individual Owner"
"DSP223","Dispensary","MV UNITY LLC","MARIJUANAVILLE","Active","Unity","https://marijuanaville.marketingservices.dev/","FRANK G BERENYI","Officer","Waterville","Owner"
"DSP223","Dispensary","MV UNITY LLC","MARIJUANAVILLE","Active","Unity","https://marijuanaville.marketingservices.dev/","FRANK G BERENYI","Owner","","Individual Owner"
"DSP225","Dispensary","THE BERENYI GROUP LLC","MARIJUANAVILLE","Active","Newport","https://marijuanaville.marketingservices.dev/","FRANK G BERENYI","Officer","Waterville","Owner"
"DSP225","Dispensary","THE BERENYI GROUP LLC","MARIJUANAVILLE","Active","Newport","https://marijuanaville.marketingservices.dev/","FRANK G BERENYI","Owner","","Individual Owner"
"DSP234","Dispensary","MV LEWISTON, LLC","MARIJUANAVILLE","Active","Lewiston","","FRANK G BERENYI","Officer","Waterville",""
"DSP237","Dispensary","ORLAND MVILLE, LLC","MARIJUANAVILLE","Active","Orland","https://marijuanaville.marketingservices.dev/","FRANK G BERENYI","Officer","Waterville","Owner"
"DSP244","Dispensary","MV LISBON STREET 2, LLC","MARIJUANAVILLE","Active","Lewiston","https://marijuanaville.marketingservices.dev/","FRANK G BERENYI","Officer","Waterville","Owner"
"DSP198","Dispensary","MAINELY GENETICS LLC","FLOWERS FARMACY","Active","Waterville","flowersfarmacy.com","LUKE M DUPLESSIS","Officer","Waterville",""
"DSP198","Dispensary","MAINELY GENETICS LLC","FLOWERS FARMACY","Active","Waterville","flowersfarmacy.com","LUKE DUPLESSIS","Owner","","Individual Owner"
"DSP174","Dispensary","F. BERENYI ENTERPRISES LLC","MARIJUANAVILLE","Active","Gardiner","https://marijuanaville.us/","FRANK G BERENYI","Officer","Waterville","President"
"DSP174","Dispensary","F. BERENYI ENTERPRISES LLC","MARIJUANAVILLE","Active","Gardiner","https://marijuanaville.us/","FRANK G BERENYI","Owner","","Individual Owner"
"DSP194","Dispensary","BERENYI ENTERPRISES, LLC","MARIJUANAVILLE","Active","Wilton","","FRANK G BERENYI","Officer","Waterville","Owner"
"DSP194","Dispensary","BERENYI ENTERPRISES, LLC","MARIJUANAVILLE","Active","Wilton","","FRANK G BERENYI","Owner","","Individual Owner"
"DSP201","Dispensary","F.G. BERENYI, LLC","MARIJUANAVILLE","Active","Bangor","","FRANK G BERENYI","Officer","Waterville","Ceo"
"DSP201","Dispensary","F.G. BERENYI, LLC","MARIJUANAVILLE","Active","Bangor","","FRANK G BERENYI","Owner","","Individual Owner"
"DSP202","Dispensary","K BERENYI LLC","MARIJUANAVILLE","Active","Alfred","https://marijuanaville.us/index.html","FRANK G BERENYI","Officer","Waterville","Ceo"
"DSP202","Dispensary","K BERENYI LLC","MARIJUANAVILLE","Active","Alfred","https://marijuanaville.us/index.html","FRANK G BERENYI","Owner","","Individual Owner"
"DSP216","Dispensary","HGC LLC","MARIJUANAVILLE","Active","Winslow","","FRANK G BERENYI","Officer","Waterville","Owner"
"DSP216","Dispensary","HGC LLC","MARIJUANAVILLE","Active","Winslow","","FRANK G BERENYI","Owner","","Individual Owner"
"DSP219","Dispensary","D BERENYI, LLC","MARIJUANAVILLE","Active","Augusta","https://marijuanaville.us/index.html","FRANK G BERENYI","Officer","Waterville","Owner"
"DSP219","Dispensary","D BERENYI, LLC","MARIJUANAVILLE","Active","Augusta","https://marijuanaville.us/index.html","FRANK G BERENYI","Owner","","Individual Owner"
"DSP223","Dispensary","MV UNITY LLC","MARIJUANAVILLE","Active","Unity","https://marijuanaville.marketingservices.dev/","FRANK G BERENYI","Officer","Waterville","Owner"
"DSP223","Dispensary","MV UNITY LLC","MARIJUANAVILLE","Active","Unity","https://marijuanaville.marketingservices.dev/","FRANK G BERENYI","Owner","","Individual Owner"
"DSP225","Dispensary","THE BERENYI GROUP LLC","MARIJUANAVILLE","Active","Newport","https://marijuanaville.marketingservices.dev/","FRANK G BERENYI","Officer","Waterville","Owner"
"DSP225","Dispensary","THE BERENYI GROUP LLC","MARIJUANAVILLE","Active","Newport","https://marijuanaville.marketingservices.dev/","FRANK G BERENYI","Owner","","Individual Owner"
"DSP234","Dispensary","MV LEWISTON, LLC","MARIJUANAVILLE","Active","Lewiston","","FRANK G BERENYI","Officer","Waterville",""
"DSP237","Dispensary","ORLAND MVILLE, LLC","MARIJUANAVILLE","Active","Orland","https://marijuanaville.marketingservices.dev/","FRANK G BERENYI","Officer","Waterville","Owner"
"DSP244","Dispensary","MV LISBON STREET 2, LLC","MARIJUANAVILLE","Active","Lewiston","https://marijuanaville.marketingservices.dev/","FRANK G BERENYI","Officer","Waterville","Owner"
"DSP174","Dispensary","F. BERENYI ENTERPRISES LLC","MARIJUANAVILLE","Active","Gardiner","https://marijuanaville.us/","FRANK G BERENYI","Officer","Waterville","President"
"DSP174","Dispensary","F. BERENYI ENTERPRISES LLC","MARIJUANAVILLE","Active","Gardiner","https://marijuanaville.us/","FRANK G BERENYI","Owner","","Individual Owner"
"DSP194","Dispensary","BERENYI ENTERPRISES, LLC","MARIJUANAVILLE","Active","Wilton","","FRANK G BERENYI","Officer","Waterville","Owner"
"DSP194","Dispensary","BERENYI ENTERPRISES, LLC","MARIJUANAVILLE","Active","Wilton","","FRANK G BERENYI","Owner","","Individual Owner"
"DSP201","Dispensary","F.G. BERENYI, LLC","MARIJUANAVILLE","Active","Bangor","","FRANK G BERENYI","Officer","Waterville","Ceo"
"DSP201","Dispensary","F.G. BERENYI, LLC","MARIJUANAVILLE","Active","Bangor","","FRANK G BERENYI","Owner","","Individual Owner"
"DSP202","Dispensary","K BERENYI LLC","MARIJUANAVILLE","Active","Alfred","https://marijuanaville.us/index.html","FRANK G BERENYI","Officer","Waterville","Ceo"
"DSP202","Dispensary","K BERENYI LLC","MARIJUANAVILLE","Active","Alfred","https://marijuanaville.us/index.html","FRANK G BERENYI","Owner","","Individual Owner"
"DSP216","Dispensary","HGC LLC","MARIJUANAVILLE","Active","Winslow","","FRANK G BERENYI","Officer","Waterville","Owner"
"DSP216","Dispensary","HGC LLC","MARIJUANAVILLE","Active","Winslow","","FRANK G BERENYI","Owner","","Individual Owner"
"DSP219","Dispensary","D BERENYI, LLC","MARIJUANAVILLE","Active","Augusta","https://marijuanaville.us/index.html","FRANK G BERENYI","Officer","Waterville","Owner"
"DSP219","Dispensary","D BERENYI, LLC","MARIJUANAVILLE","Active","Augusta","https://marijuanaville.us/index.html","FRANK G BERENYI","Owner","","Individual Owner"
"DSP223","Dispensary","MV UNITY LLC","MARIJUANAVILLE","Active","Unity","https://marijuanaville.marketingservices.dev/","FRANK G BERENYI","Officer","Waterville","Owner"
"DSP223","Dispensary","MV UNITY LLC","MARIJUANAVILLE","Active","Unity","https://marijuanaville.marketingservices.dev/","FRANK G BERENYI","Owner","","Individual Owner"
"DSP225","Dispensary","THE BERENYI GROUP LLC","MARIJUANAVILLE","Active","Newport","https://marijuanaville.marketingservices.dev/","FRANK G BERENYI","Officer","Waterville","Owner"
"DSP225","Dispensary","THE BERENYI GROUP LLC","MARIJUANAVILLE","Active","Newport","https://marijuanaville.marketingservices.dev/","FRANK G BERENYI","Owner","","Individual Owner"
"DSP234","Dispensary","MV LEWISTON, LLC","MARIJUANAVILLE","Active","Lewiston","","FRANK G BERENYI","Officer","Waterville",""
"DSP237","Dispensary","ORLAND MVILLE, LLC","MARIJUANAVILLE","Active","Orland","https://marijuanaville.marketingservices.dev/","FRANK G BERENYI","Officer","Waterville","Owner"
"DSP244","Dispensary","MV LISBON STREET 2, LLC","MARIJUANAVILLE","Active","Lewiston","https://marijuanaville.marketingservices.dev/","FRANK G BERENYI","Officer","Waterville","Owner"
"DSP174","Dispensary","F. BERENYI ENTERPRISES LLC","MARIJUANAVILLE","Active","Gardiner","https://marijuanaville.us/","FRANK G BERENYI","Officer","Waterville","President"
"DSP174","Dispensary","F. BERENYI ENTERPRISES LLC","MARIJUANAVILLE","Active","Gardiner","https://marijuanaville.us/","FRANK G BERENYI","Owner","","Individual Owner"
"DSP194","Dispensary","BERENYI ENTERPRISES, LLC","MARIJUANAVILLE","Active","Wilton","","FRANK G BERENYI","Officer","Waterville","Owner"
"DSP194","Dispensary","BERENYI ENTERPRISES, LLC","MARIJUANAVILLE","Active","Wilton","","FRANK G BERENYI","Owner","","Individual Owner"
"DSP201","Dispensary","F.G. BERENYI, LLC","MARIJUANAVILLE","Active","Bangor","","FRANK G BERENYI","Officer","Waterville","Ceo"
"DSP201","Dispensary","F.G. BERENYI, LLC","MARIJUANAVILLE","Active","Bangor","","FRANK G BERENYI","Owner","","Individual Owner"
"DSP202","Dispensary","K BERENYI LLC","MARIJUANAVILLE","Active","Alfred","https://marijuanaville.us/index.html","FRANK G BERENYI","Officer","Waterville","Ceo"
"DSP202","Dispensary","K BERENYI LLC","MARIJUANAVILLE","Active","Alfred","https://marijuanaville.us/index.html","FRANK G BERENYI","Owner","","Individual Owner"
"DSP216","Dispensary","HGC LLC","MARIJUANAVILLE","Active","Winslow","","FRANK G BERENYI","Officer","Waterville","Owner"
"DSP216","Dispensary","HGC LLC","MARIJUANAVILLE","Active","Winslow","","FRANK G BERENYI","Owner","","Individual Owner"
"DSP219","Dispensary","D BERENYI, LLC","MARIJUANAVILLE","Active","Augusta","https://marijuanaville.us/index.html","FRANK G BERENYI","Officer","Waterville","Owner"
"DSP219","Dispensary","D BERENYI, LLC","MARIJUANAVILLE","Active","Augusta","https://marijuanaville.us/index.html","FRANK G BERENYI","Owner","","Individual Owner"
"DSP223","Dispensary","MV UNITY LLC","MARIJUANAVILLE","Active","Unity","https://marijuanaville.marketingservices.dev/","FRANK G BERENYI","Officer","Waterville","Owner"
"DSP223","Dispensary","MV UNITY LLC","MARIJUANAVILLE","Active","Unity","https://marijuanaville.marketingservices.dev/","FRANK G BERENYI","Owner","","Individual Owner"
"DSP225","Dispensary","THE BERENYI GROUP LLC","MARIJUANAVILLE","Active","Newport","https://marijuanaville.marketingservices.dev/","FRANK G BERENYI","Officer","Waterville","Owner"
"DSP225","Dispensary","THE BERENYI GROUP LLC","MARIJUANAVILLE","Active","Newport","https://marijuanaville.marketingservices.dev/","FRANK G BERENYI","Owner","","Individual Owner"
"DSP234","Dispensary","MV LEWISTON, LLC","MARIJUANAVILLE","Active","Lewiston","","FRANK G BERENYI","Officer","Waterville",""
"DSP237","Dispensary","ORLAND MVILLE, LLC","MARIJUANAVILLE","Active","Orland","https://marijuanaville.marketingservices.dev/","FRANK G BERENYI","Officer","Waterville","Owner"
"DSP244","Dispensary","MV LISBON STREET 2, LLC","MARIJUANAVILLE","Active","Lewiston","https://marijuanaville.marketingservices.dev/","FRANK G BERENYI","Officer","Waterville","Owner"
"DSP174","Dispensary","F. BERENYI ENTERPRISES LLC","MARIJUANAVILLE","Active","Gardiner","https://marijuanaville.us/","FRANK G BERENYI","Officer","Waterville","President"
"DSP174","Dispensary","F. BERENYI ENTERPRISES LLC","MARIJUANAVILLE","Active","Gardiner","https://marijuanaville.us/","FRANK G BERENYI","Owner","","Individual Owner"
"DSP194","Dispensary","BERENYI ENTERPRISES, LLC","MARIJUANAVILLE","Active","Wilton","","FRANK G BERENYI","Officer","Waterville","Owner"
"DSP194","Dispensary","BERENYI ENTERPRISES, LLC","MARIJUANAVILLE","Active","Wilton","","FRANK G BERENYI","Owner","","Individual Owner"
"DSP201","Dispensary","F.G. BERENYI, LLC","MARIJUANAVILLE","Active","Bangor","","FRANK G BERENYI","Officer","Waterville","Ceo"
"DSP201","Dispensary","F.G. BERENYI, LLC","MARIJUANAVILLE","Active","Bangor","","FRANK G BERENYI","Owner","","Individual Owner"
"DSP202","Dispensary","K BERENYI LLC","MARIJUANAVILLE","Active","Alfred","https://marijuanaville.us/index.html","FRANK G BERENYI","Officer","Waterville","Ceo"
"DSP202","Dispensary","K BERENYI LLC","MARIJUANAVILLE","Active","Alfred","https://marijuanaville.us/index.html","FRANK G BERENYI","Owner","","Individual Owner"
"DSP216","Dispensary","HGC LLC","MARIJUANAVILLE","Active","Winslow","","FRANK G BERENYI","Officer","Waterville","Owner"
"DSP216","Dispensary","HGC LLC","MARIJUANAVILLE","Active","Winslow","","FRANK G BERENYI","Owner","","Individual Owner"
"DSP219","Dispensary","D BERENYI, LLC","MARIJUANAVILLE","Active","Augusta","https://marijuanaville.us/index.html","FRANK G BERENYI","Officer","Waterville","Owner"
"DSP219","Dispensary","D BERENYI, LLC","MARIJUANAVILLE","Active","Augusta","https://marijuanaville.us/index.html","FRANK G BERENYI","Owner","","Individual Owner"
"DSP223","Dispensary","MV UNITY LLC","MARIJUANAVILLE","Active","Unity","https://marijuanaville.marketingservices.dev/","FRANK G BERENYI","Officer","Waterville","Owner"
"DSP223","Dispensary","MV UNITY LLC","MARIJUANAVILLE","Active","Unity","https://marijuanaville.marketingservices.dev/","FRANK G BERENYI","Owner","","Individual Owner"
"DSP225","Dispensary","THE BERENYI GROUP LLC","MARIJUANAVILLE","Active","Newport","https://marijuanaville.marketingservices.dev/","FRANK G BERENYI","Officer","Waterville","Owner"
"DSP225","Dispensary","THE BERENYI GROUP LLC","MARIJUANAVILLE","Active","Newport","https://marijuanaville.marketingservices.dev/","FRANK G BERENYI","Owner","","Individual Owner"
"DSP234","Dispensary","MV LEWISTON, LLC","MARIJUANAVILLE","Active","Lewiston","","FRANK G BERENYI","Officer","Waterville",""
"DSP237","Dispensary","ORLAND MVILLE, LLC","MARIJUANAVILLE","Active","Orland","https://marijuanaville.marketingservices.dev/","FRANK G BERENYI","Officer","Waterville","Owner"
"DSP244","Dispensary","MV LISBON STREET 2, LLC","MARIJUANAVILLE","Active","Lewiston","https://marijuanaville.marketingservices.dev/","FRANK G BERENYI","Officer","Waterville","Owner"
"DSP203","Dispensary","HEATHWOOD COMPANY, LLC","KIND & CO","Active","Windham","www.kindand.co","JOSEPH B FERRI","Officer","Poland",""
"DSP203","Dispensary","HEATHWOOD COMPANY, LLC","KIND & CO","Active","Windham","www.kindand.co","DAVID E MACHESNEY","Officer","Falmouth",""
"DSP203","Dispensary","HEATHWOOD COMPANY, LLC","KIND & CO","Active","Windham","www.kindand.co","MARK A KAZILIONIS","Officer","Scarborough",""
"DSP203","Dispensary","HEATHWOOD COMPANY, LLC","KIND & CO","Active","Windham","www.kindand.co","HEATHWOOD COMPANY LLC","Owner","","Business Owner"
"DSP204","Dispensary","HAZY HILL FARMS, LLC","HAZY HILL FARM","Active","Wells","www.hazyhillfarm.com","RENEE LOHREY","Officer","Topsham","Member"
"DSP204","Dispensary","HAZY HILL FARMS, LLC","HAZY HILL FARM","Active","Wells","www.hazyhillfarm.com","RENEE LOHREY","Owner","","Individual Owner"
"DSP204","Dispensary","HAZY HILL FARMS, LLC","HAZY HILL FARM","Active","Wells","www.hazyhillfarm.com","DAVID A STEPHENSON","Officer","Portland","Managing Member"
"DSP204","Dispensary","HAZY HILL FARMS, LLC","HAZY HILL FARM","Active","Wells","www.hazyhillfarm.com","HILARY S STEPHENSON","Officer","Portland","Member"
"DSP204","Dispensary","HAZY HILL FARMS, LLC","HAZY HILL FARM","Active","Wells","www.hazyhillfarm.com","HILARY STEPHENSON","Owner","","Individual Owner"
"DSP204","Dispensary","HAZY HILL FARMS, LLC","HAZY HILL FARM","Active","Wells","www.hazyhillfarm.com","RENEE LOHREY","Officer","Topsham","Member"
"DSP204","Dispensary","HAZY HILL FARMS, LLC","HAZY HILL FARM","Active","Wells","www.hazyhillfarm.com","RENEE LOHREY","Owner","","Individual Owner"
"DSP204","Dispensary","HAZY HILL FARMS, LLC","HAZY HILL FARM","Active","Wells","www.hazyhillfarm.com","DAVID STEPHENSON","Owner","","Individual Owner"
"DSP205","Dispensary","FORD & FORD ENTERPRISES, LLC","HAZY MOOSE 2.0","Active","Kenduskeag","","JOSHUA C FORD","Officer","Houlton","Manager/Member"
"DSP205","Dispensary","FORD & FORD ENTERPRISES, LLC","HAZY MOOSE 2.0","Active","Kenduskeag","","ROBERT ALLEN FORD","Officer","Navarre","Manager/Member"
"DSP205","Dispensary","FORD & FORD ENTERPRISES, LLC","HAZY MOOSE 2.0","Active","Kenduskeag","","ROBERT A. FORD","Owner","","Individual Owner"
"DSP205","Dispensary","FORD & FORD ENTERPRISES, LLC","HAZY MOOSE 2.0","Active","Kenduskeag","","JOSHUA C. FORD","Owner","","Individual Owner"
"DSP207","Dispensary","IRIE CULTIVATION LLC","IRIE FARMER","Active","Orono","","DUSTIN G CYR","Officer","Hermon","Cultivation Director"
"DSP207","Dispensary","IRIE CULTIVATION LLC","IRIE FARMER","Active","Orono","","DUSTIN CYR","Owner","","Individual Owner"
"DSP207","Dispensary","IRIE CULTIVATION LLC","IRIE FARMER","Active","Orono","","9 GODFREY, LLC","Owner","","Business Owner"
"DSP208","Dispensary","NEW MILL LLC","","Active","Bethel","","BENJAMIN JOHN CROTEAU","Officer","West Bethel","Owner"
"DSP208","Dispensary","NEW MILL LLC","","Active","Bethel","","BENJAMIN CROTEAU","Owner","","Individual Owner"
"DSP209","Dispensary","CRYSTAL SPRING HEALING ALTERNATIVES, LLC","","Active","Lisbon","crystalspringsha.com","SAMUEL M SCALIA","Officer","Lewiston","Owner"
"DSP209","Dispensary","CRYSTAL SPRING HEALING ALTERNATIVES, LLC","","Active","Lisbon","crystalspringsha.com","SAMUEL SCALIA","Owner","","Individual Owner"
"DSP210","Dispensary","SILVER SMOKE, LLC","STRAWBERRY FIELDS 2.0","Active","Lewiston","","SHAWN BRANDON MCNEIL","Officer","Scarborough","Owner"
"DSP210","Dispensary","SILVER SMOKE, LLC","STRAWBERRY FIELDS 2.0","Active","Lewiston","","CHRISTOPHER SCOTT MCNEIL","Officer","Scarborough","Manager"
"DSP210","Dispensary","SILVER SMOKE, LLC","STRAWBERRY FIELDS 2.0","Active","Lewiston","","PHUONG LAC","Officer","Scarborough","Accounts Receivable"
"DSP210","Dispensary","SILVER SMOKE, LLC","STRAWBERRY FIELDS 2.0","Active","Lewiston","","BRITTANY SUE BERKEY","Officer","Waterville","Store Manager"
"DSP210","Dispensary","SILVER SMOKE, LLC","STRAWBERRY FIELDS 2.0","Active","Lewiston","","SHAWN MCNEIL","Owner","","Individual Owner"
"DSP212","Dispensary","RIPPLE WELLNESS LLC","","Active","Saco","https://ripple-wellness.com/","KATIE A SMEGIELSKI","Officer","Biddeford","Co-Owner"
"DSP212","Dispensary","RIPPLE WELLNESS LLC","","Active","Saco","https://ripple-wellness.com/","KATIE SMEGIELSKI","Owner","","Individual Owner"
"DSP212","Dispensary","RIPPLE WELLNESS LLC","","Active","Saco","https://ripple-wellness.com/","TYLER CRESPO","Owner","","Individual Owner"
"DSP213","Dispensary","SEASMOKE EXTRACTS, INC.","","Active","Auburn","","KASPAR SPURGEON-HEINRICI","Officer","Cape Elizabeth","Director"
"DSP213","Dispensary","SEASMOKE EXTRACTS, INC.","","Active","Auburn","","BAYSIDE BOTANICALS LLC","Owner","","Business Owner"
"DSP214","Dispensary","FELIX GARDEN, LLC","","Active","Oxford","","YAO HUAN CHEN","Officer","Etna","Owner/Officer"
"DSP214","Dispensary","FELIX GARDEN, LLC","","Active","Oxford","","YAO HUAN CHEN","Owner","","Individual Owner"
"DSP214","Dispensary","FELIX GARDEN, LLC","","Active","Oxford","","YAO HUAN CHEN","Officer","Etna","Owner/Officer"
"DSP214","Dispensary","FELIX GARDEN, LLC","","Active","Oxford","","YAO HUAN CHEN","Owner","","Individual Owner"
"DSP215","Dispensary","BEARDED DELIGHT, LLC","","Active","Auburn","","GLENN ROGER THERIAULT","Officer","Turner","Member"
"DSP215","Dispensary","BEARDED DELIGHT, LLC","","Active","Auburn","","CHRISTOPHER DANIEL LEMIEUX","Officer","Auburn","Member"
"DSP215","Dispensary","BEARDED DELIGHT, LLC","","Active","Auburn","","GLENN THERIAULT","Owner","","Individual Owner"
"DSP215","Dispensary","BEARDED DELIGHT, LLC","","Active","Auburn","","CHRISTOPHER LEMIEUX","Owner","","Individual Owner"
"DSP174","Dispensary","F. BERENYI ENTERPRISES LLC","MARIJUANAVILLE","Active","Gardiner","https://marijuanaville.us/","FRANK G BERENYI","Officer","Waterville","President"
"DSP174","Dispensary","F. BERENYI ENTERPRISES LLC","MARIJUANAVILLE","Active","Gardiner","https://marijuanaville.us/","FRANK G BERENYI","Owner","","Individual Owner"
"DSP194","Dispensary","BERENYI ENTERPRISES, LLC","MARIJUANAVILLE","Active","Wilton","","FRANK G BERENYI","Officer","Waterville","Owner"
"DSP194","Dispensary","BERENYI ENTERPRISES, LLC","MARIJUANAVILLE","Active","Wilton","","FRANK G BERENYI","Owner","","Individual Owner"
"DSP201","Dispensary","F.G. BERENYI, LLC","MARIJUANAVILLE","Active","Bangor","","FRANK G BERENYI","Officer","Waterville","Ceo"
"DSP201","Dispensary","F.G. BERENYI, LLC","MARIJUANAVILLE","Active","Bangor","","FRANK G BERENYI","Owner","","Individual Owner"
"DSP202","Dispensary","K BERENYI LLC","MARIJUANAVILLE","Active","Alfred","https://marijuanaville.us/index.html","FRANK G BERENYI","Officer","Waterville","Ceo"
"DSP202","Dispensary","K BERENYI LLC","MARIJUANAVILLE","Active","Alfred","https://marijuanaville.us/index.html","FRANK G BERENYI","Owner","","Individual Owner"
"DSP216","Dispensary","HGC LLC","MARIJUANAVILLE","Active","Winslow","","FRANK G BERENYI","Officer","Waterville","Owner"
"DSP216","Dispensary","HGC LLC","MARIJUANAVILLE","Active","Winslow","","FRANK G BERENYI","Owner","","Individual Owner"
"DSP219","Dispensary","D BERENYI, LLC","MARIJUANAVILLE","Active","Augusta","https://marijuanaville.us/index.html","FRANK G BERENYI","Officer","Waterville","Owner"
"DSP219","Dispensary","D BERENYI, LLC","MARIJUANAVILLE","Active","Augusta","https://marijuanaville.us/index.html","FRANK G BERENYI","Owner","","Individual Owner"
"DSP223","Dispensary","MV UNITY LLC","MARIJUANAVILLE","Active","Unity","https://marijuanaville.marketingservices.dev/","FRANK G BERENYI","Officer","Waterville","Owner"
"DSP223","Dispensary","MV UNITY LLC","MARIJUANAVILLE","Active","Unity","https://marijuanaville.marketingservices.dev/","FRANK G BERENYI","Owner","","Individual Owner"
"DSP225","Dispensary","THE BERENYI GROUP LLC","MARIJUANAVILLE","Active","Newport","https://marijuanaville.marketingservices.dev/","FRANK G BERENYI","Officer","Waterville","Owner"
"DSP225","Dispensary","THE BERENYI GROUP LLC","MARIJUANAVILLE","Active","Newport","https://marijuanaville.marketingservices.dev/","FRANK G BERENYI","Owner","","Individual Owner"
"DSP234","Dispensary","MV LEWISTON, LLC","MARIJUANAVILLE","Active","Lewiston","","FRANK G BERENYI","Officer","Waterville",""
"DSP237","Dispensary","ORLAND MVILLE, LLC","MARIJUANAVILLE","Active","Orland","https://marijuanaville.marketingservices.dev/","FRANK G BERENYI","Officer","Waterville","Owner"
"DSP244","Dispensary","MV LISBON STREET 2, LLC","MARIJUANAVILLE","Active","Lewiston","https://marijuanaville.marketingservices.dev/","FRANK G BERENYI","Officer","Waterville","Owner"
"DSP174","Dispensary","F. BERENYI ENTERPRISES LLC","MARIJUANAVILLE","Active","Gardiner","https://marijuanaville.us/","FRANK G BERENYI","Officer","Waterville","President"
"DSP174","Dispensary","F. BERENYI ENTERPRISES LLC","MARIJUANAVILLE","Active","Gardiner","https://marijuanaville.us/","FRANK G BERENYI","Owner","","Individual Owner"
"DSP194","Dispensary","BERENYI ENTERPRISES, LLC","MARIJUANAVILLE","Active","Wilton","","FRANK G BERENYI","Officer","Waterville","Owner"
"DSP194","Dispensary","BERENYI ENTERPRISES, LLC","MARIJUANAVILLE","Active","Wilton","","FRANK G BERENYI","Owner","","Individual Owner"
"DSP201","Dispensary","F.G. BERENYI, LLC","MARIJUANAVILLE","Active","Bangor","","FRANK G BERENYI","Officer","Waterville","Ceo"
"DSP201","Dispensary","F.G. BERENYI, LLC","MARIJUANAVILLE","Active","Bangor","","FRANK G BERENYI","Owner","","Individual Owner"
"DSP202","Dispensary","K BERENYI LLC","MARIJUANAVILLE","Active","Alfred","https://marijuanaville.us/index.html","FRANK G BERENYI","Officer","Waterville","Ceo"
"DSP202","Dispensary","K BERENYI LLC","MARIJUANAVILLE","Active","Alfred","https://marijuanaville.us/index.html","FRANK G BERENYI","Owner","","Individual Owner"
"DSP216","Dispensary","HGC LLC","MARIJUANAVILLE","Active","Winslow","","FRANK G BERENYI","Officer","Waterville","Owner"
"DSP216","Dispensary","HGC LLC","MARIJUANAVILLE","Active","Winslow","","FRANK G BERENYI","Owner","","Individual Owner"
"DSP219","Dispensary","D BERENYI, LLC","MARIJUANAVILLE","Active","Augusta","https://marijuanaville.us/index.html","FRANK G BERENYI","Officer","Waterville","Owner"
"DSP219","Dispensary","D BERENYI, LLC","MARIJUANAVILLE","Active","Augusta","https://marijuanaville.us/index.html","FRANK G BERENYI","Owner","","Individual Owner"
"DSP223","Dispensary","MV UNITY LLC","MARIJUANAVILLE","Active","Unity","https://marijuanaville.marketingservices.dev/","FRANK G BERENYI","Officer","Waterville","Owner"
"DSP223","Dispensary","MV UNITY LLC","MARIJUANAVILLE","Active","Unity","https://marijuanaville.marketingservices.dev/","FRANK G BERENYI","Owner","","Individual Owner"
"DSP225","Dispensary","THE BERENYI GROUP LLC","MARIJUANAVILLE","Active","Newport","https://marijuanaville.marketingservices.dev/","FRANK G BERENYI","Officer","Waterville","Owner"
"DSP225","Dispensary","THE BERENYI GROUP LLC","MARIJUANAVILLE","Active","Newport","https://marijuanaville.marketingservices.dev/","FRANK G BERENYI","Owner","","Individual Owner"
"DSP234","Dispensary","MV LEWISTON, LLC","MARIJUANAVILLE","Active","Lewiston","","FRANK G BERENYI","Officer","Waterville",""
"DSP237","Dispensary","ORLAND MVILLE, LLC","MARIJUANAVILLE","Active","Orland","https://marijuanaville.marketingservices.dev/","FRANK G BERENYI","Officer","Waterville","Owner"
"DSP244","Dispensary","MV LISBON STREET 2, LLC","MARIJUANAVILLE","Active","Lewiston","https://marijuanaville.marketingservices.dev/","FRANK G BERENYI","Officer","Waterville","Owner"
"DSP218","Dispensary","MAINELY STICKY BUDS LLC","","Active","Greene","mainelystickybuds.com","TIMOTHY R BOWE","Officer","Minot","Owner"
"DSP218","Dispensary","MAINELY STICKY BUDS LLC","","Active","Greene","mainelystickybuds.com","TIMOTHY BOWE","Owner","","Individual Owner"
"DSP174","Dispensary","F. BERENYI ENTERPRISES LLC","MARIJUANAVILLE","Active","Gardiner","https://marijuanaville.us/","FRANK G BERENYI","Officer","Waterville","President"
"DSP174","Dispensary","F. BERENYI ENTERPRISES LLC","MARIJUANAVILLE","Active","Gardiner","https://marijuanaville.us/","FRANK G BERENYI","Owner","","Individual Owner"
"DSP194","Dispensary","BERENYI ENTERPRISES, LLC","MARIJUANAVILLE","Active","Wilton","","FRANK G BERENYI","Officer","Waterville","Owner"
"DSP194","Dispensary","BERENYI ENTERPRISES, LLC","MARIJUANAVILLE","Active","Wilton","","FRANK G BERENYI","Owner","","Individual Owner"
"DSP201","Dispensary","F.G. BERENYI, LLC","MARIJUANAVILLE","Active","Bangor","","FRANK G BERENYI","Officer","Waterville","Ceo"
"DSP201","Dispensary","F.G. BERENYI, LLC","MARIJUANAVILLE","Active","Bangor","","FRANK G BERENYI","Owner","","Individual Owner"
"DSP202","Dispensary","K BERENYI LLC","MARIJUANAVILLE","Active","Alfred","https://marijuanaville.us/index.html","FRANK G BERENYI","Officer","Waterville","Ceo"
"DSP202","Dispensary","K BERENYI LLC","MARIJUANAVILLE","Active","Alfred","https://marijuanaville.us/index.html","FRANK G BERENYI","Owner","","Individual Owner"
"DSP216","Dispensary","HGC LLC","MARIJUANAVILLE","Active","Winslow","","FRANK G BERENYI","Officer","Waterville","Owner"
"DSP216","Dispensary","HGC LLC","MARIJUANAVILLE","Active","Winslow","","FRANK G BERENYI","Owner","","Individual Owner"
"DSP219","Dispensary","D BERENYI, LLC","MARIJUANAVILLE","Active","Augusta","https://marijuanaville.us/index.html","FRANK G BERENYI","Officer","Waterville","Owner"
"DSP219","Dispensary","D BERENYI, LLC","MARIJUANAVILLE","Active","Augusta","https://marijuanaville.us/index.html","FRANK G BERENYI","Owner","","Individual Owner"
"DSP223","Dispensary","MV UNITY LLC","MARIJUANAVILLE","Active","Unity","https://marijuanaville.marketingservices.dev/","FRANK G BERENYI","Officer","Waterville","Owner"
"DSP223","Dispensary","MV UNITY LLC","MARIJUANAVILLE","Active","Unity","https://marijuanaville.marketingservices.dev/","FRANK G BERENYI","Owner","","Individual Owner"
"DSP225","Dispensary","THE BERENYI GROUP LLC","MARIJUANAVILLE","Active","Newport","https://marijuanaville.marketingservices.dev/","FRANK G BERENYI","Officer","Waterville","Owner"
"DSP225","Dispensary","THE BERENYI GROUP LLC","MARIJUANAVILLE","Active","Newport","https://marijuanaville.marketingservices.dev/","FRANK G BERENYI","Owner","","Individual Owner"
"DSP234","Dispensary","MV LEWISTON, LLC","MARIJUANAVILLE","Active","Lewiston","","FRANK G BERENYI","Officer","Waterville",""
"DSP237","Dispensary","ORLAND MVILLE, LLC","MARIJUANAVILLE","Active","Orland","https://marijuanaville.marketingservices.dev/","FRANK G BERENYI","Officer","Waterville","Owner"
"DSP244","Dispensary","MV LISBON STREET 2, LLC","MARIJUANAVILLE","Active","Lewiston","https://marijuanaville.marketingservices.dev/","FRANK G BERENYI","Officer","Waterville","Owner"
"DSP174","Dispensary","F. BERENYI ENTERPRISES LLC","MARIJUANAVILLE","Active","Gardiner","https://marijuanaville.us/","FRANK G BERENYI","Officer","Waterville","President"
"DSP174","Dispensary","F. BERENYI ENTERPRISES LLC","MARIJUANAVILLE","Active","Gardiner","https://marijuanaville.us/","FRANK G BERENYI","Owner","","Individual Owner"
"DSP194","Dispensary","BERENYI ENTERPRISES, LLC","MARIJUANAVILLE","Active","Wilton","","FRANK G BERENYI","Officer","Waterville","Owner"
"DSP194","Dispensary","BERENYI ENTERPRISES, LLC","MARIJUANAVILLE","Active","Wilton","","FRANK G BERENYI","Owner","","Individual Owner"
"DSP201","Dispensary","F.G. BERENYI, LLC","MARIJUANAVILLE","Active","Bangor","","FRANK G BERENYI","Officer","Waterville","Ceo"
"DSP201","Dispensary","F.G. BERENYI, LLC","MARIJUANAVILLE","Active","Bangor","","FRANK G BERENYI","Owner","","Individual Owner"
"DSP202","Dispensary","K BERENYI LLC","MARIJUANAVILLE","Active","Alfred","https://marijuanaville.us/index.html","FRANK G BERENYI","Officer","Waterville","Ceo"
"DSP202","Dispensary","K BERENYI LLC","MARIJUANAVILLE","Active","Alfred","https://marijuanaville.us/index.html","FRANK G BERENYI","Owner","","Individual Owner"
"DSP216","Dispensary","HGC LLC","MARIJUANAVILLE","Active","Winslow","","FRANK G BERENYI","Officer","Waterville","Owner"
"DSP216","Dispensary","HGC LLC","MARIJUANAVILLE","Active","Winslow","","FRANK G BERENYI","Owner","","Individual Owner"
"DSP219","Dispensary","D BERENYI, LLC","MARIJUANAVILLE","Active","Augusta","https://marijuanaville.us/index.html","FRANK G BERENYI","Officer","Waterville","Owner"
"DSP219","Dispensary","D BERENYI, LLC","MARIJUANAVILLE","Active","Augusta","https://marijuanaville.us/index.html","FRANK G BERENYI","Owner","","Individual Owner"
"DSP223","Dispensary","MV UNITY LLC","MARIJUANAVILLE","Active","Unity","https://marijuanaville.marketingservices.dev/","FRANK G BERENYI","Officer","Waterville","Owner"
"DSP223","Dispensary","MV UNITY LLC","MARIJUANAVILLE","Active","Unity","https://marijuanaville.marketingservices.dev/","FRANK G BERENYI","Owner","","Individual Owner"
"DSP225","Dispensary","THE BERENYI GROUP LLC","MARIJUANAVILLE","Active","Newport","https://marijuanaville.marketingservices.dev/","FRANK G BERENYI","Officer","Waterville","Owner"
"DSP225","Dispensary","THE BERENYI GROUP LLC","MARIJUANAVILLE","Active","Newport","https://marijuanaville.marketingservices.dev/","FRANK G BERENYI","Owner","","Individual Owner"
"DSP234","Dispensary","MV LEWISTON, LLC","MARIJUANAVILLE","Active","Lewiston","","FRANK G BERENYI","Officer","Waterville",""
"DSP237","Dispensary","ORLAND MVILLE, LLC","MARIJUANAVILLE","Active","Orland","https://marijuanaville.marketingservices.dev/","FRANK G BERENYI","Officer","Waterville","Owner"
"DSP244","Dispensary","MV LISBON STREET 2, LLC","MARIJUANAVILLE","Active","Lewiston","https://marijuanaville.marketingservices.dev/","FRANK G BERENYI","Officer","Waterville","Owner"
"DSP220","Dispensary","COAST TO COAST SUPPLEMENTS LLC","FUMAR","Active","Farmington","","MERCEDES NICHOLE LAMPHERE","Officer","Strong","Owner"
"DSP220","Dispensary","COAST TO COAST SUPPLEMENTS LLC","FUMAR","Active","Farmington","","MERCEDES LAMPHERE","Owner","","Individual Owner"
"DSP221","Dispensary","ELLIPSE, LLC","ELLIPSE CANNABIS COMPANY","Active","Auburn","ellipsecannaco.com","COGAN THOMAS PETERSEN","Officer","Minot","Manager"
"DSP221","Dispensary","ELLIPSE, LLC","ELLIPSE CANNABIS COMPANY","Active","Auburn","ellipsecannaco.com","TYLER GENE OWENS","Officer","Gardena","Manager"
"DSP221","Dispensary","ELLIPSE, LLC","ELLIPSE CANNABIS COMPANY","Active","Auburn","ellipsecannaco.com","MATHEW PATRICK OWENS","Officer","Garden Grove","Manager"
"DSP221","Dispensary","ELLIPSE, LLC","ELLIPSE CANNABIS COMPANY","Active","Auburn","ellipsecannaco.com","TAPPED IN HOMESTEAD LLC","Owner","Mniot","Business Owner"
"DSP221","Dispensary","ELLIPSE, LLC","ELLIPSE CANNABIS COMPANY","Active","Auburn","ellipsecannaco.com","OCG PROPERTIES, LLC","Owner","Garden Grove","Business Owner"
"DSP222","Dispensary","THE STONED MOOSE, LLC","","Active","Bethel","www.thestonedmoose.com","JODI D EVERETT","Officer","Bethel","Manager"
"DSP222","Dispensary","THE STONED MOOSE, LLC","","Active","Bethel","www.thestonedmoose.com","RONALD SAVAGE","Owner","","Individual Owner"
"DSP222","Dispensary","THE STONED MOOSE, LLC","","Active","Bethel","www.thestonedmoose.com","DAVID BENHARRIS","Owner","","Individual Owner"
"DSP222","Dispensary","THE STONED MOOSE, LLC","","Active","Bethel","www.thestonedmoose.com","DAVID COCHRAN","Owner","","Individual Owner"
"DSP222","Dispensary","THE STONED MOOSE, LLC","","Active","Bethel","www.thestonedmoose.com","SAL MESSINA","Owner","","Individual Owner"
"DSP222","Dispensary","THE STONED MOOSE, LLC","","Active","Bethel","www.thestonedmoose.com","JESSICA MESSINA","Owner","","Individual Owner"
"DSP222","Dispensary","THE STONED MOOSE, LLC","","Active","Bethel","www.thestonedmoose.com","JEFFREY GILBERT","Owner","","Individual Owner"
"DSP222","Dispensary","THE STONED MOOSE, LLC","","Active","Bethel","www.thestonedmoose.com","CHESAPEAKE FUNDING GROUP","Owner","","Business Owner"
"DSP222","Dispensary","THE STONED MOOSE, LLC","","Active","Bethel","www.thestonedmoose.com","JODI EVERETT","Owner","","Individual Owner"
"DSP222","Dispensary","THE STONED MOOSE, LLC","","Active","Bethel","www.thestonedmoose.com","WILLIAM COCHRAN","Owner","","Individual Owner"
"DSP222","Dispensary","THE STONED MOOSE, LLC","","Active","Bethel","www.thestonedmoose.com","MARILYN COCHRAN","Owner","","Individual Owner"
"DSP174","Dispensary","F. BERENYI ENTERPRISES LLC","MARIJUANAVILLE","Active","Gardiner","https://marijuanaville.us/","FRANK G BERENYI","Officer","Waterville","President"
"DSP174","Dispensary","F. BERENYI ENTERPRISES LLC","MARIJUANAVILLE","Active","Gardiner","https://marijuanaville.us/","FRANK G BERENYI","Owner","","Individual Owner"
"DSP194","Dispensary","BERENYI ENTERPRISES, LLC","MARIJUANAVILLE","Active","Wilton","","FRANK G BERENYI","Officer","Waterville","Owner"
"DSP194","Dispensary","BERENYI ENTERPRISES, LLC","MARIJUANAVILLE","Active","Wilton","","FRANK G BERENYI","Owner","","Individual Owner"
"DSP201","Dispensary","F.G. BERENYI, LLC","MARIJUANAVILLE","Active","Bangor","","FRANK G BERENYI","Officer","Waterville","Ceo"
"DSP201","Dispensary","F.G. BERENYI, LLC","MARIJUANAVILLE","Active","Bangor","","FRANK G BERENYI","Owner","","Individual Owner"
"DSP202","Dispensary","K BERENYI LLC","MARIJUANAVILLE","Active","Alfred","https://marijuanaville.us/index.html","FRANK G BERENYI","Officer","Waterville","Ceo"
"DSP202","Dispensary","K BERENYI LLC","MARIJUANAVILLE","Active","Alfred","https://marijuanaville.us/index.html","FRANK G BERENYI","Owner","","Individual Owner"
"DSP216","Dispensary","HGC LLC","MARIJUANAVILLE","Active","Winslow","","FRANK G BERENYI","Officer","Waterville","Owner"
"DSP216","Dispensary","HGC LLC","MARIJUANAVILLE","Active","Winslow","","FRANK G BERENYI","Owner","","Individual Owner"
"DSP219","Dispensary","D BERENYI, LLC","MARIJUANAVILLE","Active","Augusta","https://marijuanaville.us/index.html","FRANK G BERENYI","Officer","Waterville","Owner"
"DSP219","Dispensary","D BERENYI, LLC","MARIJUANAVILLE","Active","Augusta","https://marijuanaville.us/index.html","FRANK G BERENYI","Owner","","Individual Owner"
"DSP223","Dispensary","MV UNITY LLC","MARIJUANAVILLE","Active","Unity","https://marijuanaville.marketingservices.dev/","FRANK G BERENYI","Officer","Waterville","Owner"
"DSP223","Dispensary","MV UNITY LLC","MARIJUANAVILLE","Active","Unity","https://marijuanaville.marketingservices.dev/","FRANK G BERENYI","Owner","","Individual Owner"
"DSP225","Dispensary","THE BERENYI GROUP LLC","MARIJUANAVILLE","Active","Newport","https://marijuanaville.marketingservices.dev/","FRANK G BERENYI","Officer","Waterville","Owner"
"DSP225","Dispensary","THE BERENYI GROUP LLC","MARIJUANAVILLE","Active","Newport","https://marijuanaville.marketingservices.dev/","FRANK G BERENYI","Owner","","Individual Owner"
"DSP234","Dispensary","MV LEWISTON, LLC","MARIJUANAVILLE","Active","Lewiston","","FRANK G BERENYI","Officer","Waterville",""
"DSP237","Dispensary","ORLAND MVILLE, LLC","MARIJUANAVILLE","Active","Orland","https://marijuanaville.marketingservices.dev/","FRANK G BERENYI","Officer","Waterville","Owner"
"DSP244","Dispensary","MV LISBON STREET 2, LLC","MARIJUANAVILLE","Active","Lewiston","https://marijuanaville.marketingservices.dev/","FRANK G BERENYI","Officer","Waterville","Owner"
"DSP174","Dispensary","F. BERENYI ENTERPRISES LLC","MARIJUANAVILLE","Active","Gardiner","https://marijuanaville.us/","FRANK G BERENYI","Officer","Waterville","President"
"DSP174","Dispensary","F. BERENYI ENTERPRISES LLC","MARIJUANAVILLE","Active","Gardiner","https://marijuanaville.us/","FRANK G BERENYI","Owner","","Individual Owner"
"DSP194","Dispensary","BERENYI ENTERPRISES, LLC","MARIJUANAVILLE","Active","Wilton","","FRANK G BERENYI","Officer","Waterville","Owner"
"DSP194","Dispensary","BERENYI ENTERPRISES, LLC","MARIJUANAVILLE","Active","Wilton","","FRANK G BERENYI","Owner","","Individual Owner"
"DSP201","Dispensary","F.G. BERENYI, LLC","MARIJUANAVILLE","Active","Bangor","","FRANK G BERENYI","Officer","Waterville","Ceo"
"DSP201","Dispensary","F.G. BERENYI, LLC","MARIJUANAVILLE","Active","Bangor","","FRANK G BERENYI","Owner","","Individual Owner"
"DSP202","Dispensary","K BERENYI LLC","MARIJUANAVILLE","Active","Alfred","https://marijuanaville.us/index.html","FRANK G BERENYI","Officer","Waterville","Ceo"
"DSP202","Dispensary","K BERENYI LLC","MARIJUANAVILLE","Active","Alfred","https://marijuanaville.us/index.html","FRANK G BERENYI","Owner","","Individual Owner"
"DSP216","Dispensary","HGC LLC","MARIJUANAVILLE","Active","Winslow","","FRANK G BERENYI","Officer","Waterville","Owner"
"DSP216","Dispensary","HGC LLC","MARIJUANAVILLE","Active","Winslow","","FRANK G BERENYI","Owner","","Individual Owner"
"DSP219","Dispensary","D BERENYI, LLC","MARIJUANAVILLE","Active","Augusta","https://marijuanaville.us/index.html","FRANK G BERENYI","Officer","Waterville","Owner"
"DSP219","Dispensary","D BERENYI, LLC","MARIJUANAVILLE","Active","Augusta","https://marijuanaville.us/index.html","FRANK G BERENYI","Owner","","Individual Owner"
"DSP223","Dispensary","MV UNITY LLC","MARIJUANAVILLE","Active","Unity","https://marijuanaville.marketingservices.dev/","FRANK G BERENYI","Officer","Waterville","Owner"
"DSP223","Dispensary","MV UNITY LLC","MARIJUANAVILLE","Active","Unity","https://marijuanaville.marketingservices.dev/","FRANK G BERENYI","Owner","","Individual Owner"
"DSP225","Dispensary","THE BERENYI GROUP LLC","MARIJUANAVILLE","Active","Newport","https://marijuanaville.marketingservices.dev/","FRANK G BERENYI","Officer","Waterville","Owner"
"DSP225","Dispensary","THE BERENYI GROUP LLC","MARIJUANAVILLE","Active","Newport","https://marijuanaville.marketingservices.dev/","FRANK G BERENYI","Owner","","Individual Owner"
"DSP234","Dispensary","MV LEWISTON, LLC","MARIJUANAVILLE","Active","Lewiston","","FRANK G BERENYI","Officer","Waterville",""
"DSP237","Dispensary","ORLAND MVILLE, LLC","MARIJUANAVILLE","Active","Orland","https://marijuanaville.marketingservices.dev/","FRANK G BERENYI","Officer","Waterville","Owner"
"DSP244","Dispensary","MV LISBON STREET 2, LLC","MARIJUANAVILLE","Active","Lewiston","https://marijuanaville.marketingservices.dev/","FRANK G BERENYI","Officer","Waterville","Owner"
"DSP224","Dispensary","MAINEGREEN MANAGEMENT LLC","","Active","Bangor","","KING MOON LIANG","Officer","Uncasville","Owner"
"DSP224","Dispensary","MAINEGREEN MANAGEMENT LLC","","Active","Bangor","","KING MOON LIANG","Owner","","Individual Owner"
"DSP224","Dispensary","MAINEGREEN MANAGEMENT LLC","","Active","Bangor","","KING MOON LIANG","Officer","Uncasville","Owner"
"DSP224","Dispensary","MAINEGREEN MANAGEMENT LLC","","Active","Bangor","","KING MOON LIANG","Owner","","Individual Owner"
"DSP174","Dispensary","F. BERENYI ENTERPRISES LLC","MARIJUANAVILLE","Active","Gardiner","https://marijuanaville.us/","FRANK G BERENYI","Officer","Waterville","President"
"DSP174","Dispensary","F. BERENYI ENTERPRISES LLC","MARIJUANAVILLE","Active","Gardiner","https://marijuanaville.us/","FRANK G BERENYI","Owner","","Individual Owner"
"DSP194","Dispensary","BERENYI ENTERPRISES, LLC","MARIJUANAVILLE","Active","Wilton","","FRANK G BERENYI","Officer","Waterville","Owner"
"DSP194","Dispensary","BERENYI ENTERPRISES, LLC","MARIJUANAVILLE","Active","Wilton","","FRANK G BERENYI","Owner","","Individual Owner"
"DSP201","Dispensary","F.G. BERENYI, LLC","MARIJUANAVILLE","Active","Bangor","","FRANK G BERENYI","Officer","Waterville","Ceo"
"DSP201","Dispensary","F.G. BERENYI, LLC","MARIJUANAVILLE","Active","Bangor","","FRANK G BERENYI","Owner","","Individual Owner"
"DSP202","Dispensary","K BERENYI LLC","MARIJUANAVILLE","Active","Alfred","https://marijuanaville.us/index.html","FRANK G BERENYI","Officer","Waterville","Ceo"
"DSP202","Dispensary","K BERENYI LLC","MARIJUANAVILLE","Active","Alfred","https://marijuanaville.us/index.html","FRANK G BERENYI","Owner","","Individual Owner"
"DSP216","Dispensary","HGC LLC","MARIJUANAVILLE","Active","Winslow","","FRANK G BERENYI","Officer","Waterville","Owner"
"DSP216","Dispensary","HGC LLC","MARIJUANAVILLE","Active","Winslow","","FRANK G BERENYI","Owner","","Individual Owner"
"DSP219","Dispensary","D BERENYI, LLC","MARIJUANAVILLE","Active","Augusta","https://marijuanaville.us/index.html","FRANK G BERENYI","Officer","Waterville","Owner"
"DSP219","Dispensary","D BERENYI, LLC","MARIJUANAVILLE","Active","Augusta","https://marijuanaville.us/index.html","FRANK G BERENYI","Owner","","Individual Owner"
"DSP223","Dispensary","MV UNITY LLC","MARIJUANAVILLE","Active","Unity","https://marijuanaville.marketingservices.dev/","FRANK G BERENYI","Officer","Waterville","Owner"
"DSP223","Dispensary","MV UNITY LLC","MARIJUANAVILLE","Active","Unity","https://marijuanaville.marketingservices.dev/","FRANK G BERENYI","Owner","","Individual Owner"
"DSP225","Dispensary","THE BERENYI GROUP LLC","MARIJUANAVILLE","Active","Newport","https://marijuanaville.marketingservices.dev/","FRANK G BERENYI","Officer","Waterville","Owner"
"DSP225","Dispensary","THE BERENYI GROUP LLC","MARIJUANAVILLE","Active","Newport","https://marijuanaville.marketingservices.dev/","FRANK G BERENYI","Owner","","Individual Owner"
"DSP234","Dispensary","MV LEWISTON, LLC","MARIJUANAVILLE","Active","Lewiston","","FRANK G BERENYI","Officer","Waterville",""
"DSP237","Dispensary","ORLAND MVILLE, LLC","MARIJUANAVILLE","Active","Orland","https://marijuanaville.marketingservices.dev/","FRANK G BERENYI","Officer","Waterville","Owner"
"DSP244","Dispensary","MV LISBON STREET 2, LLC","MARIJUANAVILLE","Active","Lewiston","https://marijuanaville.marketingservices.dev/","FRANK G BERENYI","Officer","Waterville","Owner"
"DSP174","Dispensary","F. BERENYI ENTERPRISES LLC","MARIJUANAVILLE","Active","Gardiner","https://marijuanaville.us/","FRANK G BERENYI","Officer","Waterville","President"
"DSP174","Dispensary","F. BERENYI ENTERPRISES LLC","MARIJUANAVILLE","Active","Gardiner","https://marijuanaville.us/","FRANK G BERENYI","Owner","","Individual Owner"
"DSP194","Dispensary","BERENYI ENTERPRISES, LLC","MARIJUANAVILLE","Active","Wilton","","FRANK G BERENYI","Officer","Waterville","Owner"
"DSP194","Dispensary","BERENYI ENTERPRISES, LLC","MARIJUANAVILLE","Active","Wilton","","FRANK G BERENYI","Owner","","Individual Owner"
"DSP201","Dispensary","F.G. BERENYI, LLC","MARIJUANAVILLE","Active","Bangor","","FRANK G BERENYI","Officer","Waterville","Ceo"
"DSP201","Dispensary","F.G. BERENYI, LLC","MARIJUANAVILLE","Active","Bangor","","FRANK G BERENYI","Owner","","Individual Owner"
"DSP202","Dispensary","K BERENYI LLC","MARIJUANAVILLE","Active","Alfred","https://marijuanaville.us/index.html","FRANK G BERENYI","Officer","Waterville","Ceo"
"DSP202","Dispensary","K BERENYI LLC","MARIJUANAVILLE","Active","Alfred","https://marijuanaville.us/index.html","FRANK G BERENYI","Owner","","Individual Owner"
"DSP216","Dispensary","HGC LLC","MARIJUANAVILLE","Active","Winslow","","FRANK G BERENYI","Officer","Waterville","Owner"
"DSP216","Dispensary","HGC LLC","MARIJUANAVILLE","Active","Winslow","","FRANK G BERENYI","Owner","","Individual Owner"
"DSP219","Dispensary","D BERENYI, LLC","MARIJUANAVILLE","Active","Augusta","https://marijuanaville.us/index.html","FRANK G BERENYI","Officer","Waterville","Owner"
"DSP219","Dispensary","D BERENYI, LLC","MARIJUANAVILLE","Active","Augusta","https://marijuanaville.us/index.html","FRANK G BERENYI","Owner","","Individual Owner"
"DSP223","Dispensary","MV UNITY LLC","MARIJUANAVILLE","Active","Unity","https://marijuanaville.marketingservices.dev/","FRANK G BERENYI","Officer","Waterville","Owner"
"DSP223","Dispensary","MV UNITY LLC","MARIJUANAVILLE","Active","Unity","https://marijuanaville.marketingservices.dev/","FRANK G BERENYI","Owner","","Individual Owner"
"DSP225","Dispensary","THE BERENYI GROUP LLC","MARIJUANAVILLE","Active","Newport","https://marijuanaville.marketingservices.dev/","FRANK G BERENYI","Officer","Waterville","Owner"
"DSP225","Dispensary","THE BERENYI GROUP LLC","MARIJUANAVILLE","Active","Newport","https://marijuanaville.marketingservices.dev/","FRANK G BERENYI","Owner","","Individual Owner"
"DSP234","Dispensary","MV LEWISTON, LLC","MARIJUANAVILLE","Active","Lewiston","","FRANK G BERENYI","Officer","Waterville",""
"DSP237","Dispensary","ORLAND MVILLE, LLC","MARIJUANAVILLE","Active","Orland","https://marijuanaville.marketingservices.dev/","FRANK G BERENYI","Officer","Waterville","Owner"
"DSP244","Dispensary","MV LISBON STREET 2, LLC","MARIJUANAVILLE","Active","Lewiston","https://marijuanaville.marketingservices.dev/","FRANK G BERENYI","Officer","Waterville","Owner"
"DSP226","Dispensary","GROVE CANNABIS COMPANY, LLC","","Active","South Berwick","www.grovecannabis.com","JAMES WILLIAM POTTER","Officer","Kittery Point","Owner"
"DSP226","Dispensary","GROVE CANNABIS COMPANY, LLC","","Active","South Berwick","www.grovecannabis.com","DALTON A DALRYMPLE","Officer","South Berwick","Owner/Manager"
"DSP226","Dispensary","GROVE CANNABIS COMPANY, LLC","","Active","South Berwick","www.grovecannabis.com","DALTON DALRYMPLE","Owner","","Individual Owner"
"DSP249","Dispensary","GROVE CANNABIS COMPANY LLC","","Pending","Somerville","","DALTON DALRYMPLE","Owner","","Individual Owner"
"DSP226","Dispensary","GROVE CANNABIS COMPANY, LLC","","Active","South Berwick","www.grovecannabis.com","JAMES POTTER","Owner","","Individual Owner"
"DSP249","Dispensary","GROVE CANNABIS COMPANY LLC","","Pending","Somerville","","JAMES POTTER","Owner","","Individual Owner"
"DSP228","Dispensary","YOUR COASTAL CONNECTION, LLC","","Active","Morrill","yourcoastalconnection.me","KING E BISHOP","Officer","Morrill","Owner"
"DSP228","Dispensary","YOUR COASTAL CONNECTION, LLC","","Active","Morrill","yourcoastalconnection.me","KING E. BISHOP","Owner","","Individual Owner"
"DSP230","Dispensary","THRIVING WELLNESS, LLC","FIRST CLASS CANNABIS","Active","Saco","www.firstclasscannabis.net","PRIMA L DAGGETT","Officer","Lyman","Owner And Dsp Officer"
"DSP230","Dispensary","THRIVING WELLNESS, LLC","FIRST CLASS CANNABIS","Active","Saco","www.firstclasscannabis.net","PRIMA DAGGETT","Owner","","Individual Owner"
"DSP232","Dispensary","LISBON CANNABIS COMPANY","LISBON CANNABIS","Active","Lisbon Falls","https://lisboncannabis.me/contact/","JASON P E SMITH","Officer","Lisbon","Owner/Ceo"
"DSP232","Dispensary","LISBON CANNABIS COMPANY","LISBON CANNABIS","Active","Lisbon Falls","https://lisboncannabis.me/contact/","JASON SMITH","Owner","","Individual Owner"
"DSP174","Dispensary","F. BERENYI ENTERPRISES LLC","MARIJUANAVILLE","Active","Gardiner","https://marijuanaville.us/","FRANK G BERENYI","Officer","Waterville","President"
"DSP174","Dispensary","F. BERENYI ENTERPRISES LLC","MARIJUANAVILLE","Active","Gardiner","https://marijuanaville.us/","FRANK G BERENYI","Owner","","Individual Owner"
"DSP194","Dispensary","BERENYI ENTERPRISES, LLC","MARIJUANAVILLE","Active","Wilton","","FRANK G BERENYI","Officer","Waterville","Owner"
"DSP194","Dispensary","BERENYI ENTERPRISES, LLC","MARIJUANAVILLE","Active","Wilton","","FRANK G BERENYI","Owner","","Individual Owner"
"DSP201","Dispensary","F.G. BERENYI, LLC","MARIJUANAVILLE","Active","Bangor","","FRANK G BERENYI","Officer","Waterville","Ceo"
"DSP201","Dispensary","F.G. BERENYI, LLC","MARIJUANAVILLE","Active","Bangor","","FRANK G BERENYI","Owner","","Individual Owner"
"DSP202","Dispensary","K BERENYI LLC","MARIJUANAVILLE","Active","Alfred","https://marijuanaville.us/index.html","FRANK G BERENYI","Officer","Waterville","Ceo"
"DSP202","Dispensary","K BERENYI LLC","MARIJUANAVILLE","Active","Alfred","https://marijuanaville.us/index.html","FRANK G BERENYI","Owner","","Individual Owner"
"DSP216","Dispensary","HGC LLC","MARIJUANAVILLE","Active","Winslow","","FRANK G BERENYI","Officer","Waterville","Owner"
"DSP216","Dispensary","HGC LLC","MARIJUANAVILLE","Active","Winslow","","FRANK G BERENYI","Owner","","Individual Owner"
"DSP219","Dispensary","D BERENYI, LLC","MARIJUANAVILLE","Active","Augusta","https://marijuanaville.us/index.html","FRANK G BERENYI","Officer","Waterville","Owner"
"DSP219","Dispensary","D BERENYI, LLC","MARIJUANAVILLE","Active","Augusta","https://marijuanaville.us/index.html","FRANK G BERENYI","Owner","","Individual Owner"
"DSP223","Dispensary","MV UNITY LLC","MARIJUANAVILLE","Active","Unity","https://marijuanaville.marketingservices.dev/","FRANK G BERENYI","Officer","Waterville","Owner"
"DSP223","Dispensary","MV UNITY LLC","MARIJUANAVILLE","Active","Unity","https://marijuanaville.marketingservices.dev/","FRANK G BERENYI","Owner","","Individual Owner"
"DSP225","Dispensary","THE BERENYI GROUP LLC","MARIJUANAVILLE","Active","Newport","https://marijuanaville.marketingservices.dev/","FRANK G BERENYI","Officer","Waterville","Owner"
"DSP225","Dispensary","THE BERENYI GROUP LLC","MARIJUANAVILLE","Active","Newport","https://marijuanaville.marketingservices.dev/","FRANK G BERENYI","Owner","","Individual Owner"
"DSP234","Dispensary","MV LEWISTON, LLC","MARIJUANAVILLE","Active","Lewiston","","FRANK G BERENYI","Officer","Waterville",""
"DSP237","Dispensary","ORLAND MVILLE, LLC","MARIJUANAVILLE","Active","Orland","https://marijuanaville.marketingservices.dev/","FRANK G BERENYI","Officer","Waterville","Owner"
"DSP244","Dispensary","MV LISBON STREET 2, LLC","MARIJUANAVILLE","Active","Lewiston","https://marijuanaville.marketingservices.dev/","FRANK G BERENYI","Officer","Waterville","Owner"
"DSP234","Dispensary","MV LEWISTON, LLC","MARIJUANAVILLE","Active","Lewiston","","FRANK BERENYI","Owner","","Individual Owner"
"DSP237","Dispensary","ORLAND MVILLE, LLC","MARIJUANAVILLE","Active","Orland","https://marijuanaville.marketingservices.dev/","FRANK BERENYI","Owner","","Individual Owner"
"DSP244","Dispensary","MV LISBON STREET 2, LLC","MARIJUANAVILLE","Active","Lewiston","https://marijuanaville.marketingservices.dev/","FRANK BERENYI","Owner","","Individual Owner"
"DSP235","Dispensary","KENDER FARMS, INC.","BLUE SKY","Active","Farmington","","CHARLES R CRANDALL","Officer","Jay",""
"DSP235","Dispensary","KENDER FARMS, INC.","BLUE SKY","Active","Farmington","","JACOB G DAKU","Officer","Farmington",""
"DSP235","Dispensary","KENDER FARMS, INC.","BLUE SKY","Active","Farmington","","CHARLES CRANDALL","Owner","","Individual Owner"
"DSP235","Dispensary","KENDER FARMS, INC.","BLUE SKY","Active","Farmington","","JACOB DAKU","Owner","","Individual Owner"
"DSP174","Dispensary","F. BERENYI ENTERPRISES LLC","MARIJUANAVILLE","Active","Gardiner","https://marijuanaville.us/","FRANK G BERENYI","Officer","Waterville","President"
"DSP174","Dispensary","F. BERENYI ENTERPRISES LLC","MARIJUANAVILLE","Active","Gardiner","https://marijuanaville.us/","FRANK G BERENYI","Owner","","Individual Owner"
"DSP194","Dispensary","BERENYI ENTERPRISES, LLC","MARIJUANAVILLE","Active","Wilton","","FRANK G BERENYI","Officer","Waterville","Owner"
"DSP194","Dispensary","BERENYI ENTERPRISES, LLC","MARIJUANAVILLE","Active","Wilton","","FRANK G BERENYI","Owner","","Individual Owner"
"DSP201","Dispensary","F.G. BERENYI, LLC","MARIJUANAVILLE","Active","Bangor","","FRANK G BERENYI","Officer","Waterville","Ceo"
"DSP201","Dispensary","F.G. BERENYI, LLC","MARIJUANAVILLE","Active","Bangor","","FRANK G BERENYI","Owner","","Individual Owner"
"DSP202","Dispensary","K BERENYI LLC","MARIJUANAVILLE","Active","Alfred","https://marijuanaville.us/index.html","FRANK G BERENYI","Officer","Waterville","Ceo"
"DSP202","Dispensary","K BERENYI LLC","MARIJUANAVILLE","Active","Alfred","https://marijuanaville.us/index.html","FRANK G BERENYI","Owner","","Individual Owner"
"DSP216","Dispensary","HGC LLC","MARIJUANAVILLE","Active","Winslow","","FRANK G BERENYI","Officer","Waterville","Owner"
"DSP216","Dispensary","HGC LLC","MARIJUANAVILLE","Active","Winslow","","FRANK G BERENYI","Owner","","Individual Owner"
"DSP219","Dispensary","D BERENYI, LLC","MARIJUANAVILLE","Active","Augusta","https://marijuanaville.us/index.html","FRANK G BERENYI","Officer","Waterville","Owner"
"DSP219","Dispensary","D BERENYI, LLC","MARIJUANAVILLE","Active","Augusta","https://marijuanaville.us/index.html","FRANK G BERENYI","Owner","","Individual Owner"
"DSP223","Dispensary","MV UNITY LLC","MARIJUANAVILLE","Active","Unity","https://marijuanaville.marketingservices.dev/","FRANK G BERENYI","Officer","Waterville","Owner"
"DSP223","Dispensary","MV UNITY LLC","MARIJUANAVILLE","Active","Unity","https://marijuanaville.marketingservices.dev/","FRANK G BERENYI","Owner","","Individual Owner"
"DSP225","Dispensary","THE BERENYI GROUP LLC","MARIJUANAVILLE","Active","Newport","https://marijuanaville.marketingservices.dev/","FRANK G BERENYI","Officer","Waterville","Owner"
"DSP225","Dispensary","THE BERENYI GROUP LLC","MARIJUANAVILLE","Active","Newport","https://marijuanaville.marketingservices.dev/","FRANK G BERENYI","Owner","","Individual Owner"
"DSP234","Dispensary","MV LEWISTON, LLC","MARIJUANAVILLE","Active","Lewiston","","FRANK G BERENYI","Officer","Waterville",""
"DSP237","Dispensary","ORLAND MVILLE, LLC","MARIJUANAVILLE","Active","Orland","https://marijuanaville.marketingservices.dev/","FRANK G BERENYI","Officer","Waterville","Owner"
"DSP244","Dispensary","MV LISBON STREET 2, LLC","MARIJUANAVILLE","Active","Lewiston","https://marijuanaville.marketingservices.dev/","FRANK G BERENYI","Officer","Waterville","Owner"
"DSP234","Dispensary","MV LEWISTON, LLC","MARIJUANAVILLE","Active","Lewiston","","FRANK BERENYI","Owner","","Individual Owner"
"DSP237","Dispensary","ORLAND MVILLE, LLC","MARIJUANAVILLE","Active","Orland","https://marijuanaville.marketingservices.dev/","FRANK BERENYI","Owner","","Individual Owner"
"DSP244","Dispensary","MV LISBON STREET 2, LLC","MARIJUANAVILLE","Active","Lewiston","https://marijuanaville.marketingservices.dev/","FRANK BERENYI","Owner","","Individual Owner"
"DSP238","Dispensary","COASTAL CALYX LLC","FRIEND JEN & CO #1","Active","Auburn","www.friendjenandco.com","JACK P CHAMPLIN","Officer","Norway","Ceo/Founder"
"DSP238","Dispensary","COASTAL CALYX LLC","FRIEND JEN & CO #1","Active","Auburn","www.friendjenandco.com","JACK CHAMPLIN","Owner","","Individual Owner"
"DSP239","Dispensary","RICHARDSON REMEDIES, LLC","RICHARDSONS REMEDIES","Active","Caribou","www.richardsonremedies.com/","DERRELL RICHARDSON","Officer","Caribou","Owner"
"DSP239","Dispensary","RICHARDSON REMEDIES, LLC","RICHARDSONS REMEDIES","Active","Caribou","www.richardsonremedies.com/","DERRELL RICHARDSON","Owner","","Individual Owner"
"DSP239","Dispensary","RICHARDSON REMEDIES, LLC","RICHARDSONS REMEDIES","Active","Caribou","www.richardsonremedies.com/","DERRELL RICHARDSON","Officer","Caribou","Owner"
"DSP239","Dispensary","RICHARDSON REMEDIES, LLC","RICHARDSONS REMEDIES","Active","Caribou","www.richardsonremedies.com/","DERRELL RICHARDSON","Owner","","Individual Owner"
"DSP240","Dispensary","BLOOM MAY LLC","","Active","Turner","","MAY WOO LEI","Officer","New Sharon","Director/Owner"
"DSP240","Dispensary","BLOOM MAY LLC","","Active","Turner","","MAY WOO LEI","Owner","","Individual Owner"
"DSP240","Dispensary","BLOOM MAY LLC","","Active","Turner","","MAY WOO LEI","Officer","New Sharon","Director/Owner"
"DSP240","Dispensary","BLOOM MAY LLC","","Active","Turner","","MAY WOO LEI","Owner","","Individual Owner"
"DSP241","Dispensary","EDEN PLUS BOTANICAL LLC","","Active","Greene","","KENNY NG","Officer","Livermore Falls","Owner"
"DSP241","Dispensary","EDEN PLUS BOTANICAL LLC","","Active","Greene","","KENNY NG","Owner","","Individual Owner"
"DSP241","Dispensary","EDEN PLUS BOTANICAL LLC","","Active","Greene","","KENNY NG","Officer","Livermore Falls","Owner"
"DSP241","Dispensary","EDEN PLUS BOTANICAL LLC","","Active","Greene","","KENNY NG","Owner","","Individual Owner"
"DSP242","Dispensary","A & Y GARDEN LLC","","Active","Eliot","","YUEKANG FAN","Officer","Corinth","Sole Member"
"DSP242","Dispensary","A & Y GARDEN LLC","","Active","Eliot","","YUEKANG FAN","Owner","","Individual Owner"
"DSP242","Dispensary","A & Y GARDEN LLC","","Active","Eliot","","YUEKANG FAN","Officer","Corinth","Sole Member"
"DSP242","Dispensary","A & Y GARDEN LLC","","Active","Eliot","","YUEKANG FAN","Owner","","Individual Owner"
"DSP174","Dispensary","F. BERENYI ENTERPRISES LLC","MARIJUANAVILLE","Active","Gardiner","https://marijuanaville.us/","FRANK G BERENYI","Officer","Waterville","President"
"DSP174","Dispensary","F. BERENYI ENTERPRISES LLC","MARIJUANAVILLE","Active","Gardiner","https://marijuanaville.us/","FRANK G BERENYI","Owner","","Individual Owner"
"DSP194","Dispensary","BERENYI ENTERPRISES, LLC","MARIJUANAVILLE","Active","Wilton","","FRANK G BERENYI","Officer","Waterville","Owner"
"DSP194","Dispensary","BERENYI ENTERPRISES, LLC","MARIJUANAVILLE","Active","Wilton","","FRANK G BERENYI","Owner","","Individual Owner"
"DSP201","Dispensary","F.G. BERENYI, LLC","MARIJUANAVILLE","Active","Bangor","","FRANK G BERENYI","Officer","Waterville","Ceo"
"DSP201","Dispensary","F.G. BERENYI, LLC","MARIJUANAVILLE","Active","Bangor","","FRANK G BERENYI","Owner","","Individual Owner"
"DSP202","Dispensary","K BERENYI LLC","MARIJUANAVILLE","Active","Alfred","https://marijuanaville.us/index.html","FRANK G BERENYI","Officer","Waterville","Ceo"
"DSP202","Dispensary","K BERENYI LLC","MARIJUANAVILLE","Active","Alfred","https://marijuanaville.us/index.html","FRANK G BERENYI","Owner","","Individual Owner"
"DSP216","Dispensary","HGC LLC","MARIJUANAVILLE","Active","Winslow","","FRANK G BERENYI","Officer","Waterville","Owner"
"DSP216","Dispensary","HGC LLC","MARIJUANAVILLE","Active","Winslow","","FRANK G BERENYI","Owner","","Individual Owner"
"DSP219","Dispensary","D BERENYI, LLC","MARIJUANAVILLE","Active","Augusta","https://marijuanaville.us/index.html","FRANK G BERENYI","Officer","Waterville","Owner"
"DSP219","Dispensary","D BERENYI, LLC","MARIJUANAVILLE","Active","Augusta","https://marijuanaville.us/index.html","FRANK G BERENYI","Owner","","Individual Owner"
"DSP223","Dispensary","MV UNITY LLC","MARIJUANAVILLE","Active","Unity","https://marijuanaville.marketingservices.dev/","FRANK G BERENYI","Officer","Waterville","Owner"
"DSP223","Dispensary","MV UNITY LLC","MARIJUANAVILLE","Active","Unity","https://marijuanaville.marketingservices.dev/","FRANK G BERENYI","Owner","","Individual Owner"
"DSP225","Dispensary","THE BERENYI GROUP LLC","MARIJUANAVILLE","Active","Newport","https://marijuanaville.marketingservices.dev/","FRANK G BERENYI","Officer","Waterville","Owner"
"DSP225","Dispensary","THE BERENYI GROUP LLC","MARIJUANAVILLE","Active","Newport","https://marijuanaville.marketingservices.dev/","FRANK G BERENYI","Owner","","Individual Owner"
"DSP234","Dispensary","MV LEWISTON, LLC","MARIJUANAVILLE","Active","Lewiston","","FRANK G BERENYI","Officer","Waterville",""
"DSP237","Dispensary","ORLAND MVILLE, LLC","MARIJUANAVILLE","Active","Orland","https://marijuanaville.marketingservices.dev/","FRANK G BERENYI","Officer","Waterville","Owner"
"DSP244","Dispensary","MV LISBON STREET 2, LLC","MARIJUANAVILLE","Active","Lewiston","https://marijuanaville.marketingservices.dev/","FRANK G BERENYI","Officer","Waterville","Owner"
"DSP234","Dispensary","MV LEWISTON, LLC","MARIJUANAVILLE","Active","Lewiston","","FRANK BERENYI","Owner","","Individual Owner"
"DSP237","Dispensary","ORLAND MVILLE, LLC","MARIJUANAVILLE","Active","Orland","https://marijuanaville.marketingservices.dev/","FRANK BERENYI","Owner","","Individual Owner"
"DSP244","Dispensary","MV LISBON STREET 2, LLC","MARIJUANAVILLE","Active","Lewiston","https://marijuanaville.marketingservices.dev/","FRANK BERENYI","Owner","","Individual Owner"
"DSP127","Dispensary","ATLANTIC FARMS LLC","","Active","Portland","www.theatlanticfarms.com","IAN P LARSON","Officer","Kingfield","Principal"
"DSP137","Dispensary","ATLANTIC FARMS LLC","ATLANTIC FARMS","Active","Somerville","www.theatlanticfarms.com","IAN P LARSON","Officer","Kingfield","Officer"
"DSP245","Dispensary","ATLANTIC FARMS LLC","","Active","Freeman Township","theatlanticfarms.com","IAN P LARSON","Officer","Kingfield","Manager"
"DSP127","Dispensary","ATLANTIC FARMS LLC","","Active","Portland","www.theatlanticfarms.com","JACKSON T MCLEOD","Officer","Portland",""
"DSP137","Dispensary","ATLANTIC FARMS LLC","ATLANTIC FARMS","Active","Somerville","www.theatlanticfarms.com","JACKSON T MCLEOD","Officer","Portland","Officer"
"DSP245","Dispensary","ATLANTIC FARMS LLC","","Active","Freeman Township","theatlanticfarms.com","JACKSON T MCLEOD","Officer","Portland","Manager"
"DSP245","Dispensary","ATLANTIC FARMS LLC","","Active","Freeman Township","theatlanticfarms.com","ATLANTIC FARMS MANAGEMENT, INC.","Owner","","Business Owner"
"DSP246","Dispensary","LAMSBROTHERS LLC","","Active","Auburn","","JIAN YING LIN","Officer","Saint Albans","Owner"
"DSP246","Dispensary","LAMSBROTHERS LLC","","Active","Auburn","","JIANYING LIN","Owner","","Individual Owner"
"DSP247","Dispensary","269 WESTERN AVE AUGUSTA MAINE CH LLC","CANNABIS HAVEN","Active","Augusta","cannabishaven.com","BRETT DAVID SCOTT","Officer","Candia","Manager"
"DSP247","Dispensary","269 WESTERN AVE AUGUSTA MAINE CH LLC","CANNABIS HAVEN","Active","Augusta","cannabishaven.com","HAVEN CORPORATION","Owner","","Business Owner"
"DSP248","Dispensary","20 UNION ST AUBURN MAINE CH LLC","CANNABIS HAVEN","Active","Auburn","cannabishaven.com","KATHY A SCOTT","Officer","Concord","Manager"
"DSP248","Dispensary","20 UNION ST AUBURN MAINE CH LLC","CANNABIS HAVEN","Active","Auburn","cannabishaven.com","KATHY SCOTT","Owner","","Individual Owner"
"DSP226","Dispensary","GROVE CANNABIS COMPANY, LLC","","Active","South Berwick","www.grovecannabis.com","DALTON DALRYMPLE","Owner","","Individual Owner"
"DSP249","Dispensary","GROVE CANNABIS COMPANY LLC","","Pending","Somerville","","DALTON DALRYMPLE","Owner","","Individual Owner"
"DSP226","Dispensary","GROVE CANNABIS COMPANY, LLC","","Active","South Berwick","www.grovecannabis.com","JAMES POTTER","Owner","","Individual Owner"
"DSP249","Dispensary","GROVE CANNABIS COMPANY LLC","","Pending","Somerville","","JAMES POTTER","Owner","","Individual Owner"
"DSP250","Dispensary","THEORY WELLNESS OF MAINE, LLC","","Pending","Waterville","","TW ESOP HOLDINGS INC.","Owner","","Business Owner"
"DSP251","Dispensary","AE, LLC","","Pending","Bowdoinham","","YUN JIN ZHANG","Owner","","Individual Owner"
"DSP111","Dispensary","BLOSSOM, LLC","BLOSSOM CANNABIS","Active","Biddeford","www.blossommj.com","BLOSSOM HOLDINGS, INC.","Owner","","Business Owner"
"DSP147","Dispensary","BLOSSOM, LLC","BLOSSOM CANNABIS","Active","Saco","www.blossommj.com","BLOSSOM HOLDINGS, INC.","Owner","","Business Owner"
"DSP252","Dispensary","BLOSSOM, LLC","BLOSSOM CANNABIS","Pending","South Portland","","BLOSSOM HOLDINGS, INC.","Owner","","Business Owner"
"DSP253","Dispensary","SOUTHSIDE TREE FARM, LLC","","Pending","Portland","","KB CONSOLIDATED, LLC","Owner","","Business Owner"
"DSP254","Dispensary","MYSTIQUE OPERATIONS, LLC","","Active","Auburn","","SEAN BENJAMIN OBRIEN","Officer","Falmouth","Manager/Member"
"DSP254","Dispensary","MYSTIQUE OPERATIONS, LLC","","Active","Auburn","","CHRISTOPHER J LEFEVRE","Officer","Portland","Manager/Member"
"DSP254","Dispensary","MYSTIQUE OPERATIONS, LLC","","Active","Auburn","","CARL J LEFEVRE","Officer","Falmouth","Manager/Member"
"DSP254","Dispensary","MYSTIQUE OPERATIONS, LLC","","Active","Auburn","","CARL LEFEVRE","Owner","","Individual Owner"
"DSP254","Dispensary","MYSTIQUE OPERATIONS, LLC","","Active","Auburn","","CHRISTOPHER LEFEVRE","Owner","","Individual Owner"
"DSP254","Dispensary","MYSTIQUE OPERATIONS, LLC","","Active","Auburn","","CINDY WILSON","Owner","","Individual Owner"
"DSP254","Dispensary","MYSTIQUE OPERATIONS, LLC","","Active","Auburn","","SEAN OBRIEN","Owner","","Individual Owner"
"DSP255","Dispensary","OASIS BOTANICAL, LLC","OASIS REFINERY","Pending","Gardiner","","JACOB FOSTER","Owner","","Individual Owner"
"DSP256","Dispensary","ROSEBUD, LLC","","Pending","South Portland","","PETER MOURMOURAS","Owner","","Individual Owner"
"DSP256","Dispensary","ROSEBUD, LLC","","Pending","South Portland","","THOMAS MOURMOURAS","Owner","","Individual Owner"
"DSP257","Dispensary","EARTHBOUND CONSULTING LLC","","Pending","Waterville","","PHILLIP BERGERON","Owner","","Individual Owner"
"DSP257","Dispensary","EARTHBOUND CONSULTING LLC","","Pending","Waterville","","JASON WHITAKER","Owner","","Individual Owner"
